Battery ID,Cell ID,Voltage (V),Current (A),Resistance (Ohms),SOC (%),SOD (%),SOH (%),Cell Temperature (°C),Ambient Temperature (°C),Timestamp,State of Cell,Communication
BAT1251,CELL9905,4.07,0.65,6.26,53,47,98,37.31,38.96,2023-04-24T22:17:05,live,no
BAT8726,CELL3045,3.09,0.85,3.64,83,17,97,40.03,45.79,2024-12-05T07:36:18,dead,yes
BAT4296,CELL4233,3.18,0.58,5.48,81,19,91,39.74,34.53,2023-01-12T06:39:30,dead,no
BAT3046,CELL2013,3.12,1.84,1.7,91,9,92,35.81,38.32,2024-01-22T16:45:02,live,no
BAT6439,CELL2592,3.6,0.5,7.2,89,11,93,33.51,44.6,2024-05-18T19:57:18,live,no
BAT1275,CELL9159,3.86,1.32,2.92,88,12,90,32.24,37.5,2024-06-15T19:11:19,dead,yes
BAT7517,CELL6317,3.85,1.57,2.45,58,42,94,39.6,45.53,2023-07-27T04:05:54,dead,yes
BAT1043,CELL9443,3.61,0.88,4.1,72,28,100,40.81,42.63,2024-02-11T07:44:45,live,yes
BAT3814,CELL4620,3.66,0.82,4.46,64,36,95,37.67,35.02,2023-05-25T21:01:47,live,yes
BAT8636,CELL9268,3.9,1.16,3.36,70,30,98,33.41,42.11,2024-08-24T07:42:04,live,yes
BAT2199,CELL7447,3.35,1.39,2.41,75,25,96,32.36,42.68,2023-01-08T11:30:39,dead,no
BAT8874,CELL1102,3.38,0.87,3.89,78,22,93,36.79,42.19,2023-12-23T05:40:18,live,no
BAT9202,CELL8718,3.67,0.69,5.32,91,9,97,32.48,39.56,2023-07-03T00:42:05,dead,yes
BAT4252,CELL2424,3.61,1.68,2.15,50,50,91,38.19,41.87,2023-03-24T20:08:37,live,yes
BAT5797,CELL2420,4.12,1.29,3.19,58,42,94,33.55,42.9,2023-06-15T09:06:46,dead,no
BAT7559,CELL7674,3.16,1.39,2.27,72,28,91,33.69,36.7,2023-06-05T23:14:17,dead,yes
BAT2104,CELL7281,3.26,1.95,1.67,75,25,91,39.52,45.98,2023-11-08T23:05:54,live,yes
BAT1411,CELL6168,4.04,1.67,2.42,80,20,96,35.84,32.03,2024-11-10T06:33:28,dead,yes
BAT9287,CELL3211,3.44,1.55,2.22,51,49,94,40.49,45.75,2024-06-22T10:00:57,dead,no
BAT7759,CELL5711,3.74,1.87,2.0,90,10,94,32.26,39.48,2023-05-26T13:09:50,dead,yes
BAT3873,CELL9953,3.38,1.92,1.76,98,2,92,40.37,45.03,2024-12-11T14:22:49,live,no
BAT4425,CELL1047,3.59,1.34,2.68,54,46,95,33.73,40.86,2023-07-11T19:45:10,dead,yes
BAT5547,CELL8160,4.01,1.28,3.13,55,45,91,32.79,43.47,2024-12-01T03:41:45,dead,yes
BAT2805,CELL9090,3.41,1.86,1.83,81,19,100,36.27,33.35,2024-10-27T03:55:08,dead,yes
BAT1397,CELL2714,4.14,1.39,2.98,69,31,93,41.13,41.16,2024-05-19T01:04:24,dead,no
BAT3300,CELL8116,3.39,1.91,1.77,84,16,93,41.34,40.18,2024-02-14T18:56:09,live,yes
BAT9598,CELL1162,3.86,1.52,2.54,90,10,90,35.95,39.0,2023-06-10T11:06:21,dead,no
BAT8350,CELL9687,3.67,1.4,2.62,100,0,92,36.22,41.17,2024-08-28T23:31:53,dead,yes
BAT3104,CELL4972,3.93,1.22,3.22,73,27,98,40.36,39.19,2023-04-16T12:10:23,live,no
BAT1506,CELL9400,3.93,1.23,3.2,92,8,92,34.12,42.13,2024-12-26T09:27:18,live,no
BAT5472,CELL3501,3.72,1.48,2.51,59,41,96,35.14,32.9,2023-11-01T12:38:45,dead,yes
BAT7709,CELL6351,3.08,0.57,5.4,84,16,91,33.88,32.61,2023-09-11T22:02:52,live,no
BAT7714,CELL6761,3.08,0.99,3.11,91,9,96,32.13,37.82,2023-05-03T21:13:02,live,no
BAT6327,CELL3503,3.33,0.77,4.32,86,14,93,33.66,37.27,2023-06-26T21:45:37,dead,yes
BAT9924,CELL2745,3.39,1.05,3.23,57,43,100,34.32,37.75,2024-10-26T07:56:36,live,no
BAT7758,CELL2314,3.53,0.93,3.8,59,41,92,38.16,40.24,2024-12-06T21:20:55,live,no
BAT8208,CELL2523,4.13,1.18,3.5,72,28,97,33.4,41.52,2023-11-16T17:13:05,live,no
BAT5346,CELL9509,4.18,1.57,2.66,71,29,94,38.89,33.7,2023-06-16T18:14:51,live,yes
BAT9303,CELL9783,3.25,1.01,3.22,77,23,91,32.65,32.02,2023-12-21T03:55:37,dead,no
BAT8068,CELL4437,3.42,0.88,3.89,55,45,96,41.51,42.41,2023-01-28T07:13:37,live,no
BAT9933,CELL8957,3.77,1.95,1.93,62,38,100,37.99,35.86,2024-08-26T05:44:06,live,no
BAT2971,CELL3049,3.2,1.49,2.15,68,32,98,37.86,40.18,2024-01-12T01:33:03,live,yes
BAT5619,CELL1131,3.9,1.36,2.87,73,27,91,33.27,32.98,2023-05-04T04:54:53,live,yes
BAT1724,CELL7125,3.27,1.74,1.88,61,39,95,39.77,45.83,2024-03-04T12:40:32,dead,no
BAT7039,CELL1279,4.07,1.34,3.04,69,31,97,41.94,39.61,2024-03-31T21:46:23,live,yes
BAT7767,CELL2670,3.95,0.78,5.06,51,49,100,37.39,43.57,2023-08-17T18:04:18,live,yes
BAT4147,CELL5699,3.82,0.69,5.54,69,31,93,33.36,35.84,2023-01-31T02:57:44,dead,yes
BAT4264,CELL3803,3.84,1.83,2.1,83,17,99,33.7,45.69,2023-07-23T15:24:36,dead,no
BAT8780,CELL1084,3.32,1.18,2.81,77,23,95,39.1,41.46,2024-09-26T21:06:47,live,yes
BAT5441,CELL4832,3.49,0.54,6.46,94,6,96,35.01,36.96,2024-02-06T11:57:32,dead,yes
BAT4267,CELL2090,3.01,0.65,4.63,79,21,94,40.78,38.76,2024-07-03T17:45:30,live,no
BAT2734,CELL3657,4.13,1.44,2.87,84,16,96,33.68,35.12,2024-02-06T12:52:14,live,yes
BAT7053,CELL2042,3.68,0.8,4.6,51,49,92,38.16,44.15,2024-05-27T17:51:26,live,no
BAT9488,CELL9075,4.18,1.09,3.83,76,24,90,35.86,39.32,2024-08-13T19:42:56,live,no
BAT2054,CELL1270,3.14,0.72,4.36,68,32,92,38.4,35.16,2024-11-18T10:31:42,dead,no
BAT5776,CELL1770,3.32,0.86,3.86,52,48,97,37.36,39.36,2024-05-24T21:05:58,dead,yes
BAT7134,CELL8465,3.41,1.47,2.32,71,29,91,36.91,45.62,2023-03-17T04:46:04,dead,no
BAT1167,CELL5858,4.14,1.41,2.94,87,13,94,39.49,45.54,2023-09-19T16:30:45,dead,yes
BAT8716,CELL7899,3.14,1.1,2.85,100,0,95,32.67,41.34,2024-08-22T07:22:03,live,no
BAT2712,CELL1374,3.65,1.74,2.1,52,48,95,36.49,32.73,2024-09-29T05:26:38,live,no
BAT9849,CELL6500,3.53,0.63,5.6,79,21,95,40.6,44.53,2023-11-09T04:50:32,dead,yes
BAT3513,CELL8962,3.28,0.67,4.9,69,31,99,34.21,34.78,2023-08-10T13:18:51,live,yes
BAT9734,CELL2918,3.22,1.58,2.04,80,20,93,38.55,43.27,2023-02-03T05:00:07,live,no
BAT2667,CELL8524,3.42,2.0,1.71,91,9,93,38.18,38.36,2023-07-17T15:42:21,dead,yes
BAT4683,CELL7832,3.85,1.61,2.39,79,21,94,36.14,39.8,2023-04-27T08:14:33,dead,yes
BAT2179,CELL7447,3.32,0.95,3.49,77,23,95,37.22,32.44,2023-04-02T00:12:55,live,yes
BAT1521,CELL1861,3.36,1.55,2.17,78,22,100,34.62,38.51,2023-11-06T03:12:12,dead,no
BAT5989,CELL3152,3.93,1.05,3.74,88,12,90,40.37,42.56,2023-03-17T17:21:47,dead,no
BAT9158,CELL2352,3.79,0.94,4.03,74,26,91,39.34,43.72,2024-03-19T01:47:03,live,yes
BAT5804,CELL4481,3.81,0.58,6.57,68,32,100,32.48,33.89,2024-09-23T15:17:44,dead,no
BAT2548,CELL1697,3.21,1.97,1.63,55,45,94,40.76,41.3,2023-09-16T01:38:44,live,no
BAT9184,CELL6518,3.74,1.94,1.93,82,18,91,35.6,37.0,2023-01-17T21:24:54,live,no
BAT6165,CELL2910,3.94,1.85,2.13,88,12,96,40.07,40.06,2023-11-21T11:15:04,dead,no
BAT9846,CELL7925,3.58,1.99,1.8,97,3,95,32.6,44.84,2023-09-05T07:28:25,live,yes
BAT8464,CELL4916,3.23,0.59,5.47,95,5,92,39.44,34.68,2023-05-01T11:32:14,live,no
BAT4233,CELL1948,3.4,1.12,3.04,87,13,98,32.43,32.9,2023-11-17T19:56:26,dead,no
BAT3998,CELL8684,3.33,1.01,3.3,54,46,90,38.8,39.22,2024-01-18T05:19:32,live,yes
BAT6567,CELL6486,4.03,0.71,5.68,93,7,97,32.73,36.74,2023-12-11T13:25:01,live,yes
BAT7742,CELL6832,3.9,1.23,3.17,73,27,98,40.0,44.39,2023-08-28T19:10:29,dead,no
BAT1953,CELL7854,3.17,0.96,3.3,53,47,93,36.4,45.62,2023-12-07T05:37:22,dead,yes
BAT6054,CELL8861,3.44,0.72,4.78,51,49,91,40.65,41.14,2023-05-27T23:59:58,live,yes
BAT6541,CELL3082,3.21,1.79,1.79,51,49,94,35.32,33.96,2023-03-17T08:06:02,live,no
BAT1154,CELL3967,3.85,1.22,3.16,70,30,96,34.53,36.24,2023-05-30T01:36:42,dead,yes
BAT8938,CELL7503,3.56,1.52,2.34,65,35,91,41.69,32.71,2024-08-28T00:04:46,dead,no
BAT6384,CELL8350,3.24,1.52,2.13,61,39,96,38.5,34.91,2024-06-06T02:57:42,live,no
BAT1680,CELL7584,3.21,1.3,2.47,53,47,90,35.14,45.0,2024-12-06T12:09:56,dead,yes
BAT4304,CELL4872,4.05,0.94,4.31,57,43,93,36.2,43.48,2024-08-30T09:21:14,live,no
BAT8018,CELL4116,3.32,1.43,2.32,75,25,91,40.91,33.3,2024-08-23T22:52:01,dead,no
BAT5924,CELL8663,3.37,1.72,1.96,73,27,100,39.77,33.4,2024-03-14T08:13:42,live,no
BAT2630,CELL4018,3.23,1.23,2.63,74,26,95,41.72,42.47,2024-01-13T03:50:13,live,no
BAT4577,CELL9592,4.18,1.8,2.32,96,4,90,32.62,42.72,2024-01-29T16:52:36,live,no
BAT7071,CELL6190,3.66,0.77,4.75,81,19,96,35.16,33.71,2024-04-14T04:16:41,live,yes
BAT8254,CELL7135,3.44,1.86,1.85,76,24,90,40.77,42.87,2023-06-06T05:09:35,dead,yes
BAT7916,CELL5337,3.26,1.1,2.96,59,41,100,37.06,44.54,2024-08-30T21:23:36,dead,no
BAT6427,CELL6451,3.72,0.6,6.2,97,3,92,35.3,40.23,2023-11-20T18:44:49,dead,no
BAT4651,CELL6530,3.57,0.92,3.88,88,12,91,36.82,44.47,2023-10-22T02:36:58,live,no
BAT2196,CELL4080,3.53,0.62,5.69,87,13,99,39.58,35.1,2024-01-12T02:03:45,live,yes
BAT2899,CELL4884,3.38,1.73,1.95,93,7,96,37.93,36.35,2024-11-04T00:23:27,dead,yes
BAT4925,CELL7169,3.66,1.46,2.51,80,20,95,40.69,41.19,2023-05-24T21:55:16,dead,yes
BAT7836,CELL5845,3.75,1.94,1.93,79,21,96,41.89,39.22,2023-07-25T03:20:17,dead,no
BAT2327,CELL5938,3.64,0.67,5.43,75,25,90,32.91,37.17,2023-05-06T22:46:30,dead,no
BAT1309,CELL9165,4.19,0.57,7.35,86,14,94,38.24,44.58,2024-04-21T04:57:23,live,yes
BAT2209,CELL9711,3.36,1.9,1.77,54,46,91,37.97,38.95,2024-12-18T23:37:33,live,yes
BAT3207,CELL7552,3.85,0.76,5.07,75,25,93,33.35,34.46,2023-01-23T03:21:08,live,no
BAT3575,CELL3427,3.39,1.05,3.23,53,47,97,41.63,44.06,2023-11-16T03:48:48,live,no
BAT1736,CELL9280,4.13,0.51,8.1,74,26,96,37.59,41.07,2023-09-02T05:40:03,live,yes
BAT5713,CELL2119,4.08,1.49,2.74,83,17,99,40.5,45.12,2024-11-25T19:39:52,dead,no
BAT7438,CELL6475,3.2,1.7,1.88,54,46,96,41.03,41.73,2023-11-03T17:19:56,dead,no
BAT5826,CELL8948,4.06,1.45,2.8,78,22,96,33.64,32.02,2023-08-24T23:11:24,dead,yes
BAT6147,CELL3547,3.32,0.74,4.49,86,14,100,33.63,33.12,2024-02-17T05:38:39,live,no
BAT1284,CELL8070,3.67,0.96,3.82,83,17,96,32.57,43.28,2023-04-15T10:25:20,live,no
BAT8510,CELL1153,3.57,1.74,2.05,64,36,94,35.92,34.56,2024-11-28T21:05:04,live,yes
BAT8205,CELL2222,3.94,1.15,3.43,88,12,94,38.51,45.97,2023-09-01T19:58:40,live,no
BAT8762,CELL4119,3.05,0.63,4.84,87,13,96,35.34,39.56,2024-07-30T13:21:35,dead,yes
BAT2358,CELL9382,3.18,1.8,1.77,69,31,90,35.34,39.61,2023-11-28T09:15:25,live,yes
BAT8428,CELL6557,4.03,0.57,7.07,99,1,91,32.67,35.46,2024-08-08T10:51:26,live,yes
BAT6813,CELL1492,3.14,0.86,3.65,80,20,100,41.17,39.82,2024-08-04T07:32:11,dead,yes
BAT9402,CELL3141,3.35,1.69,1.98,61,39,98,34.81,44.44,2023-01-22T01:48:11,dead,no
BAT5507,CELL9920,3.88,1.78,2.18,50,50,100,41.2,45.4,2023-08-16T06:54:46,live,yes
BAT3055,CELL5249,3.36,0.95,3.54,78,22,94,39.34,41.23,2023-05-08T06:33:26,live,no
BAT1301,CELL2594,4.17,1.32,3.16,88,12,92,35.82,32.91,2023-10-04T18:59:40,dead,yes
BAT2683,CELL4898,3.83,1.97,1.94,65,35,94,35.93,40.16,2024-08-03T18:39:14,dead,yes
BAT7742,CELL6878,3.22,0.89,3.62,75,25,90,34.82,42.42,2024-12-25T13:07:37,dead,no
BAT6765,CELL3006,4.07,1.46,2.79,67,33,100,36.37,41.66,2024-06-17T07:03:21,live,no
BAT6779,CELL8484,3.11,0.64,4.86,85,15,95,39.53,39.33,2024-02-14T18:05:15,live,no
BAT4327,CELL5255,3.48,1.02,3.41,86,14,94,38.34,32.53,2023-11-08T04:22:54,dead,yes
BAT5465,CELL7532,3.73,0.97,3.85,51,49,98,37.32,44.23,2024-09-27T13:50:39,dead,no
BAT7227,CELL8924,3.42,1.86,1.84,64,36,96,36.73,42.43,2023-07-07T03:40:20,live,yes
BAT6312,CELL2446,3.73,0.83,4.49,53,47,97,34.28,45.4,2023-12-14T11:27:01,live,yes
BAT4657,CELL9687,3.08,1.04,2.96,65,35,99,35.42,42.76,2024-07-15T08:50:35,live,yes
BAT1141,CELL6476,3.85,1.47,2.62,77,23,95,34.11,43.84,2023-07-14T12:02:28,dead,no
BAT7113,CELL8003,3.06,1.12,2.73,99,1,99,38.66,41.94,2024-06-25T20:13:13,live,yes
BAT3448,CELL6112,3.01,0.61,4.93,87,13,99,41.82,45.35,2024-07-09T04:57:36,live,no
BAT7328,CELL7398,3.9,1.04,3.75,98,2,95,40.24,41.33,2024-05-23T04:09:43,live,no
BAT9795,CELL5776,3.7,1.47,2.52,78,22,97,38.1,40.62,2024-05-17T04:21:04,live,no
BAT2990,CELL5568,3.73,1.74,2.14,90,10,100,32.84,37.86,2024-04-04T19:31:44,dead,yes
BAT4965,CELL4353,3.57,0.59,6.05,99,1,92,32.3,44.32,2024-08-01T12:46:01,live,yes
BAT3906,CELL3717,3.26,0.99,3.29,69,31,96,39.55,42.5,2023-11-03T05:26:20,dead,no
BAT5588,CELL3438,3.36,0.9,3.73,77,23,95,40.79,44.27,2024-12-19T10:29:50,dead,yes
BAT9278,CELL9211,3.25,1.09,2.98,86,14,94,33.68,37.92,2023-03-06T12:47:28,dead,no
BAT3770,CELL7064,3.63,1.21,3.0,90,10,99,33.65,33.78,2023-10-26T21:39:17,dead,no
BAT6679,CELL3343,3.59,1.12,3.21,85,15,90,39.59,32.54,2024-04-03T07:20:40,dead,no
BAT8107,CELL1418,3.17,0.56,5.66,56,44,98,34.94,42.0,2024-09-05T08:45:47,dead,no
BAT3055,CELL5441,4.02,1.42,2.83,65,35,99,36.65,34.96,2023-02-09T23:54:32,dead,yes
BAT6594,CELL4531,3.22,1.96,1.64,71,29,90,34.77,34.35,2023-09-24T06:54:37,live,no
BAT4954,CELL5331,3.11,1.83,1.7,50,50,100,40.22,43.92,2024-09-18T06:42:25,live,yes
BAT1193,CELL8709,3.31,1.0,3.31,90,10,92,32.13,44.59,2023-08-14T20:50:35,dead,yes
BAT8259,CELL1526,4.1,1.65,2.48,76,24,92,35.86,36.31,2024-01-17T14:38:29,live,yes
BAT8690,CELL1270,3.72,1.78,2.09,56,44,99,35.81,45.14,2023-08-14T10:58:23,dead,no
BAT7824,CELL4954,4.11,0.86,4.78,62,38,97,38.82,43.1,2023-08-23T06:11:50,live,no
BAT3190,CELL1488,3.02,1.48,2.04,85,15,94,32.12,35.61,2024-04-13T15:41:31,dead,yes
BAT7372,CELL7484,3.98,1.54,2.58,59,41,99,37.9,40.97,2024-06-21T02:43:49,dead,no
BAT4368,CELL2151,3.18,1.72,1.85,69,31,99,36.63,37.26,2023-03-12T10:21:45,live,no
BAT4231,CELL2771,3.93,0.58,6.78,96,4,99,41.46,34.42,2024-08-06T20:04:42,live,yes
BAT5922,CELL5826,3.78,1.09,3.47,59,41,100,32.41,40.99,2023-03-24T03:21:20,live,yes
BAT4324,CELL2808,3.06,1.88,1.63,59,41,91,39.08,36.21,2024-08-26T05:24:47,dead,no
BAT2807,CELL5310,4.03,1.55,2.6,55,45,94,41.23,39.07,2024-05-27T19:06:40,dead,yes
BAT3614,CELL8772,3.82,1.86,2.05,93,7,96,39.66,41.56,2024-12-04T20:15:37,dead,no
BAT4636,CELL8055,4.12,1.48,2.78,74,26,93,33.26,35.14,2024-07-04T08:40:14,live,yes
BAT3304,CELL8296,4.13,0.82,5.04,78,22,92,41.49,45.7,2023-07-29T14:53:26,live,yes
BAT6093,CELL2706,3.31,1.63,2.03,69,31,100,38.22,42.66,2024-07-30T21:28:34,live,yes
BAT5615,CELL1258,4.03,1.52,2.65,100,0,97,37.04,35.07,2023-04-10T21:55:27,dead,no
BAT4867,CELL8778,3.85,1.63,2.36,77,23,91,39.01,37.01,2024-05-16T11:10:23,live,yes
BAT8144,CELL7149,3.66,1.77,2.07,78,22,92,38.96,37.12,2023-11-03T10:07:31,dead,yes
BAT4911,CELL7209,4.07,1.71,2.38,86,14,94,33.72,33.39,2024-03-17T18:00:57,dead,yes
BAT9810,CELL8323,3.2,0.52,6.15,96,4,90,34.51,36.91,2024-12-03T23:48:34,live,no
BAT9067,CELL4786,3.7,1.74,2.13,72,28,96,36.06,40.62,2023-03-14T08:55:55,live,no
BAT4504,CELL1311,3.2,1.24,2.58,79,21,90,32.26,37.42,2023-03-18T22:37:04,live,yes
BAT3231,CELL3506,3.36,1.48,2.27,52,48,97,35.55,43.59,2023-02-19T23:36:55,dead,no
BAT2886,CELL5475,3.38,1.8,1.88,91,9,92,35.87,39.13,2023-12-14T17:37:58,live,yes
BAT2311,CELL2616,3.04,0.66,4.61,52,48,91,35.33,36.91,2023-03-12T18:10:17,live,yes
BAT7733,CELL8102,3.96,1.41,2.81,85,15,98,37.99,36.3,2024-09-23T20:23:42,live,yes
BAT6209,CELL7114,3.84,1.53,2.51,81,19,94,40.13,38.75,2024-07-15T02:41:39,live,yes
BAT5222,CELL8300,4.09,0.64,6.39,93,7,91,33.43,33.86,2024-01-06T01:18:59,dead,no
BAT9763,CELL8555,3.65,1.89,1.93,59,41,91,37.52,36.95,2023-02-25T00:33:28,live,no
BAT6819,CELL1354,3.23,1.77,1.82,61,39,95,40.32,41.67,2024-04-19T14:57:18,live,no
BAT3284,CELL3398,3.56,0.91,3.91,87,13,99,33.98,36.99,2024-06-29T06:37:28,dead,yes
BAT7502,CELL3914,3.54,1.24,2.85,69,31,99,33.5,36.5,2023-04-15T01:58:38,dead,yes
BAT6510,CELL2196,3.16,0.53,5.96,76,24,95,36.13,37.87,2024-06-26T22:39:45,live,no
BAT6075,CELL6933,3.99,1.75,2.28,87,13,99,36.75,45.13,2024-12-20T05:53:09,dead,no
BAT1745,CELL4399,3.49,0.55,6.35,51,49,90,36.9,44.53,2023-06-03T20:13:37,live,no
BAT9096,CELL3562,3.49,1.01,3.46,80,20,91,40.48,41.2,2023-08-23T00:28:14,live,yes
BAT9332,CELL1059,3.64,0.75,4.85,61,39,91,39.03,37.24,2023-12-10T20:25:13,live,yes
BAT8253,CELL1112,3.91,1.2,3.26,70,30,91,35.91,40.8,2023-06-20T00:15:41,dead,yes
BAT2418,CELL3844,3.38,1.87,1.81,95,5,90,34.09,40.44,2023-04-22T15:11:05,dead,no
BAT5553,CELL8478,3.32,0.62,5.35,53,47,97,41.06,44.46,2024-04-17T16:04:16,live,yes
BAT8141,CELL7524,3.57,0.5,7.14,78,22,98,34.13,43.41,2023-09-11T11:10:47,live,yes
BAT6284,CELL5175,3.7,0.52,7.12,84,16,93,34.62,40.32,2024-08-07T09:33:15,dead,yes
BAT1093,CELL4535,3.67,0.89,4.12,56,44,90,37.27,38.66,2023-12-19T14:37:44,dead,yes
BAT5999,CELL8475,4.15,1.9,2.18,87,13,98,39.03,34.39,2024-04-17T13:12:32,live,yes
BAT8593,CELL2675,3.58,1.93,1.85,97,3,98,33.13,41.71,2024-10-14T02:27:55,live,no
BAT4991,CELL5069,3.87,1.11,3.49,62,38,96,37.42,45.46,2024-08-21T15:17:39,dead,no
BAT7288,CELL7058,3.56,1.8,1.98,95,5,90,36.61,39.38,2024-07-18T02:48:22,live,no
BAT6155,CELL2913,3.73,1.41,2.65,54,46,97,37.48,35.79,2023-03-15T01:59:08,dead,yes
BAT9346,CELL1550,3.59,0.84,4.27,69,31,93,39.75,40.48,2024-09-27T03:23:02,live,yes
BAT4764,CELL5772,3.34,1.73,1.93,72,28,97,38.82,39.71,2023-01-21T23:34:45,dead,no
BAT1000,CELL3262,3.15,0.75,4.2,57,43,98,34.01,33.78,2023-05-27T20:10:31,live,yes
BAT7460,CELL7853,4.07,1.18,3.45,79,21,94,38.1,38.1,2024-08-13T20:06:36,live,no
BAT6742,CELL5316,4.09,1.16,3.53,56,44,99,38.74,39.32,2023-04-04T13:00:33,live,yes
BAT6102,CELL4745,4.12,1.49,2.77,88,12,90,36.94,45.32,2023-08-13T13:17:41,live,yes
BAT6344,CELL6026,3.35,0.83,4.04,96,4,100,33.06,38.19,2023-10-24T19:23:00,dead,yes
BAT1246,CELL5799,3.63,0.55,6.6,61,39,100,41.88,42.15,2024-05-11T00:04:50,dead,yes
BAT5851,CELL6737,3.22,0.87,3.7,94,6,100,41.39,38.9,2023-11-18T18:22:20,dead,no
BAT2492,CELL2543,3.38,1.16,2.91,57,43,95,33.62,41.52,2023-10-28T13:16:22,dead,no
BAT4798,CELL3749,3.48,1.97,1.77,74,26,99,35.5,34.19,2023-10-24T11:27:48,dead,yes
BAT6319,CELL9843,3.44,1.69,2.04,67,33,99,32.68,35.92,2023-09-05T01:15:42,live,yes
BAT3210,CELL2573,3.57,1.23,2.9,76,24,97,39.91,38.29,2024-01-06T06:51:37,live,no
BAT2751,CELL4184,3.21,0.66,4.86,76,24,93,33.35,42.58,2024-05-25T08:19:20,dead,no
BAT2438,CELL7377,3.01,0.64,4.7,95,5,94,34.71,41.94,2024-10-24T22:56:55,live,yes
BAT9585,CELL6893,3.48,0.58,6.0,68,32,94,36.36,35.6,2024-03-21T05:25:27,live,yes
BAT7042,CELL9244,3.92,1.49,2.63,74,26,94,34.04,43.5,2023-11-24T09:47:24,live,no
BAT8916,CELL4990,3.76,1.42,2.65,87,13,93,40.91,45.89,2024-11-28T22:23:27,dead,no
BAT6800,CELL4695,3.47,0.51,6.8,83,17,98,41.81,42.84,2023-11-28T14:44:38,live,yes
BAT3230,CELL1783,3.77,1.92,1.96,93,7,100,32.74,45.3,2023-10-16T09:20:51,dead,no
BAT1552,CELL6406,3.84,1.42,2.7,50,50,98,37.79,45.1,2024-01-18T09:34:21,dead,no
BAT9860,CELL6724,3.29,1.22,2.7,63,37,95,40.47,42.29,2024-12-19T13:53:39,live,no
BAT1228,CELL8111,3.39,1.27,2.67,77,23,94,36.11,35.26,2023-10-07T12:50:38,dead,yes
BAT5130,CELL7644,4.04,1.66,2.43,68,32,96,35.15,42.91,2023-01-12T01:38:49,dead,yes
BAT2513,CELL7104,4.13,1.65,2.5,91,9,98,32.33,36.55,2023-07-13T05:08:39,live,no
BAT7984,CELL7901,3.85,2.0,1.93,75,25,97,39.78,33.63,2024-05-11T10:38:18,dead,yes
BAT3343,CELL7824,3.36,1.27,2.65,60,40,99,35.61,33.46,2024-05-24T07:47:42,live,yes
BAT5286,CELL7033,3.02,1.49,2.03,85,15,90,32.53,42.85,2024-04-18T02:46:49,dead,no
BAT9555,CELL4295,4.11,0.82,5.01,80,20,99,38.65,32.56,2023-01-27T09:48:33,live,no
BAT4937,CELL6858,3.87,1.89,2.05,55,45,90,38.96,43.81,2024-05-17T02:57:04,live,no
BAT2891,CELL5230,3.35,1.36,2.46,79,21,98,40.66,45.05,2023-06-24T17:03:37,live,no
BAT6581,CELL2862,3.0,1.59,1.89,70,30,97,41.44,35.76,2024-03-01T16:02:01,dead,yes
BAT2221,CELL3684,3.43,1.46,2.35,57,43,92,41.42,36.27,2024-06-27T16:31:35,live,yes
BAT6669,CELL9058,3.39,1.61,2.11,61,39,94,35.76,37.64,2023-05-16T21:49:14,live,no
BAT2736,CELL5637,3.56,0.78,4.56,100,0,99,37.66,34.94,2024-10-31T16:45:20,dead,no
BAT1585,CELL8103,3.2,1.8,1.78,52,48,93,36.68,32.79,2024-07-15T04:43:18,live,yes
BAT1753,CELL4236,3.39,1.0,3.39,71,29,95,36.41,42.91,2024-07-16T22:18:01,live,yes
BAT3811,CELL6769,3.98,0.64,6.22,82,18,91,37.36,36.08,2023-12-31T02:03:44,dead,yes
BAT2329,CELL6902,3.55,1.06,3.35,86,14,95,41.41,44.52,2023-03-13T00:05:20,live,no
BAT9605,CELL9180,4.04,1.82,2.22,71,29,97,40.11,32.72,2024-07-22T08:12:28,live,yes
BAT6209,CELL7315,3.28,1.77,1.85,92,8,91,41.25,40.43,2023-05-21T12:01:48,dead,yes
BAT7860,CELL7680,3.39,0.79,4.29,68,32,93,40.35,39.92,2023-03-06T06:58:25,live,no
BAT5414,CELL6411,4.12,0.96,4.29,56,44,96,41.27,35.8,2024-04-03T12:16:40,live,yes
BAT7800,CELL4561,3.48,1.81,1.92,85,15,91,35.75,38.5,2024-01-16T08:26:08,dead,no
BAT5506,CELL1110,3.78,1.33,2.84,95,5,98,39.45,38.38,2023-01-18T13:47:45,live,yes
BAT6707,CELL4323,3.05,0.61,5.0,91,9,92,39.9,45.11,2023-05-21T18:28:06,live,no
BAT1420,CELL9024,4.17,0.87,4.79,81,19,90,34.24,39.33,2023-10-02T04:08:41,live,no
BAT9581,CELL8001,3.84,1.07,3.59,58,42,98,34.63,35.11,2023-12-30T22:23:32,dead,yes
BAT9896,CELL5877,3.89,1.59,2.45,54,46,95,41.27,43.95,2024-05-07T02:20:37,dead,no
BAT3383,CELL7848,3.05,1.71,1.78,74,26,100,36.85,33.53,2024-02-04T15:08:28,live,no
BAT3395,CELL8038,4.16,1.04,4.0,83,17,90,37.21,41.12,2024-03-05T06:27:24,live,yes
BAT5517,CELL3861,3.49,1.58,2.21,64,36,100,39.94,43.46,2024-04-07T21:08:21,live,no
BAT4592,CELL1288,3.45,1.78,1.94,50,50,100,39.85,33.77,2024-10-02T00:05:31,dead,no
BAT7784,CELL8908,3.85,1.62,2.38,79,21,97,36.81,36.27,2024-09-13T01:58:16,live,yes
BAT5293,CELL1209,3.75,2.0,1.88,81,19,99,33.01,39.23,2023-10-18T16:00:20,live,no
BAT8970,CELL3753,3.64,1.68,2.17,84,16,91,34.86,40.79,2023-04-11T09:52:52,dead,no
BAT7628,CELL8440,3.68,0.6,6.13,79,21,94,38.11,44.04,2024-05-28T05:35:01,live,yes
BAT7850,CELL7119,4.01,1.77,2.27,82,18,91,36.04,40.25,2023-05-07T19:58:05,live,yes
BAT2470,CELL3688,3.44,0.61,5.64,65,35,96,38.98,38.6,2023-03-05T08:18:23,dead,no
BAT1741,CELL6811,3.24,1.57,2.06,55,45,99,32.26,43.99,2023-05-03T15:16:53,live,yes
BAT4015,CELL6288,3.61,1.38,2.62,73,27,91,35.01,37.71,2024-12-14T18:26:53,dead,no
BAT7357,CELL3608,4.2,0.84,5.0,57,43,92,34.39,44.38,2023-07-28T07:45:47,dead,yes
BAT3645,CELL1547,3.32,1.15,2.89,80,20,92,34.91,45.51,2024-09-07T18:27:38,live,yes
BAT8586,CELL1625,3.99,0.62,6.44,73,27,99,38.04,44.24,2023-07-19T23:44:31,live,no
BAT8453,CELL4485,3.77,1.48,2.55,94,6,99,39.87,38.15,2024-04-10T16:33:26,live,yes
BAT8066,CELL6865,3.9,1.79,2.18,63,37,94,36.75,36.01,2024-10-16T13:31:19,live,yes
BAT9084,CELL1505,3.55,1.49,2.38,86,14,94,41.5,40.33,2024-02-09T12:01:34,dead,yes
BAT4612,CELL3061,3.64,1.57,2.32,99,1,91,39.71,34.73,2023-09-06T00:58:22,dead,yes
BAT9191,CELL4925,4.01,0.54,7.43,73,27,93,32.71,44.07,2024-08-09T11:28:12,live,yes
BAT5291,CELL8089,3.96,1.93,2.05,58,42,93,33.66,33.67,2023-06-16T01:10:31,live,no
BAT4441,CELL6911,4.06,1.46,2.78,86,14,100,39.33,36.69,2024-05-15T12:03:54,dead,no
BAT5564,CELL5183,3.24,1.02,3.18,71,29,95,36.54,41.0,2023-10-23T03:43:12,dead,no
BAT3004,CELL7054,3.41,1.44,2.37,76,24,97,36.74,43.64,2024-06-28T08:21:43,live,no
BAT2322,CELL2099,3.97,1.43,2.78,61,39,90,35.43,44.23,2024-08-14T08:36:39,dead,no
BAT7623,CELL2351,3.26,1.11,2.94,62,38,92,33.43,43.55,2023-11-23T22:31:58,live,yes
BAT3359,CELL3643,3.73,1.26,2.96,71,29,91,40.39,37.82,2024-09-29T21:13:16,dead,yes
BAT9522,CELL2546,3.99,1.29,3.09,68,32,97,40.31,44.69,2023-09-07T17:45:10,dead,no
BAT7089,CELL9638,3.08,0.53,5.81,58,42,93,32.14,39.05,2023-01-23T02:04:10,dead,no
BAT1524,CELL3684,3.49,1.78,1.96,65,35,91,37.25,36.75,2023-04-04T23:12:39,live,no
BAT2974,CELL1795,4.16,1.27,3.28,58,42,93,36.98,37.39,2023-09-06T20:08:27,live,yes
BAT3182,CELL1072,3.48,1.59,2.19,76,24,100,33.94,41.35,2024-05-16T09:08:05,dead,no
BAT3313,CELL5839,3.63,1.25,2.9,69,31,95,32.3,41.61,2023-09-03T20:42:09,live,no
BAT5804,CELL4715,4.16,1.61,2.58,75,25,96,34.25,36.97,2023-02-02T19:47:03,live,yes
BAT2769,CELL8609,3.26,1.17,2.79,65,35,97,33.43,38.16,2024-05-27T18:51:17,dead,yes
BAT7491,CELL7450,3.41,0.72,4.74,90,10,90,33.97,33.35,2024-02-22T01:35:04,live,yes
BAT6938,CELL8685,3.76,0.74,5.08,74,26,96,38.31,32.48,2024-04-14T01:54:03,live,no
BAT4919,CELL5008,3.63,1.09,3.33,97,3,93,35.35,42.85,2024-03-05T18:51:36,dead,no
BAT7388,CELL6512,4.15,1.4,2.96,88,12,90,33.38,38.53,2024-10-13T19:22:39,live,yes
BAT6957,CELL8355,3.88,0.53,7.32,63,37,98,36.08,42.99,2023-12-30T06:43:28,live,no
BAT6062,CELL5251,3.74,1.96,1.91,91,9,92,39.57,44.69,2023-10-17T11:55:37,dead,no
BAT1352,CELL4763,3.83,1.48,2.59,62,38,94,33.47,43.4,2024-12-04T09:00:56,dead,no
BAT8859,CELL6450,3.12,0.65,4.8,77,23,95,34.0,33.1,2023-07-04T05:44:11,live,yes
BAT8789,CELL6715,3.23,1.11,2.91,92,8,93,37.96,35.37,2024-04-17T07:32:46,dead,no
BAT6297,CELL3262,4.18,0.7,5.97,95,5,98,41.56,32.8,2023-08-09T12:41:05,dead,yes
BAT4441,CELL4634,3.19,1.36,2.35,60,40,93,36.08,45.91,2023-04-29T05:35:43,live,no
BAT3617,CELL8626,4.19,1.59,2.64,78,22,92,40.64,43.93,2024-02-13T21:55:18,live,no
BAT4785,CELL1530,3.32,1.85,1.79,79,21,100,35.32,44.83,2023-07-24T18:53:23,live,yes
BAT9021,CELL8071,3.65,0.6,6.08,72,28,90,40.39,38.91,2023-04-16T16:03:21,dead,no
BAT1967,CELL9253,3.77,1.11,3.4,69,31,99,36.55,37.98,2024-09-22T23:41:29,dead,yes
BAT8551,CELL5535,3.6,1.88,1.91,98,2,99,38.44,35.17,2024-12-02T00:17:31,dead,yes
BAT6613,CELL9208,3.63,1.5,2.42,95,5,97,39.71,37.06,2023-05-07T09:37:50,dead,no
BAT6214,CELL5015,3.21,0.53,6.06,71,29,100,39.06,39.2,2024-07-26T00:39:12,live,no
BAT1034,CELL3008,3.59,1.78,2.02,67,33,100,35.77,33.77,2024-07-03T08:29:26,dead,yes
BAT7915,CELL8699,4.06,1.83,2.22,91,9,94,39.62,40.24,2023-08-09T01:14:46,dead,yes
BAT4191,CELL2946,3.12,1.69,1.85,92,8,99,32.56,36.55,2023-11-20T10:15:27,live,yes
BAT9259,CELL5525,3.66,1.76,2.08,95,5,92,37.12,34.33,2024-11-23T14:17:52,live,no
BAT8584,CELL5700,3.26,1.63,2.0,74,26,99,40.07,33.51,2023-04-21T18:03:11,live,yes
BAT1971,CELL3935,3.06,1.18,2.59,80,20,98,33.21,43.5,2023-02-04T18:23:58,dead,no
BAT1501,CELL7821,3.68,1.09,3.38,58,42,92,41.2,43.33,2024-07-09T09:13:25,dead,no
BAT6785,CELL6098,3.03,0.91,3.33,50,50,91,34.59,36.62,2024-11-28T06:02:08,dead,yes
BAT4151,CELL7736,3.87,1.24,3.12,87,13,91,35.44,43.66,2024-04-13T09:59:53,live,no
BAT1171,CELL9687,3.4,0.58,5.86,63,37,94,35.52,37.22,2023-03-18T13:21:23,dead,no
BAT7692,CELL5343,3.36,1.77,1.9,65,35,100,36.96,34.23,2023-03-07T22:57:53,dead,no
BAT2974,CELL5527,3.98,0.98,4.06,70,30,94,40.87,40.58,2024-02-14T20:38:19,dead,yes
BAT3465,CELL4617,3.97,0.97,4.09,57,43,99,41.73,38.62,2023-11-09T05:37:29,dead,no
BAT4114,CELL4607,3.34,1.02,3.27,98,2,96,32.73,36.53,2024-01-28T11:24:03,dead,no
BAT6258,CELL9046,3.1,1.28,2.42,84,16,91,33.93,45.11,2023-02-07T22:25:56,dead,yes
BAT1036,CELL7923,3.9,1.39,2.81,58,42,100,41.54,33.44,2023-09-05T00:50:23,dead,yes
BAT5834,CELL5696,3.29,1.64,2.01,71,29,98,41.42,33.26,2024-11-25T06:28:24,live,no
BAT4338,CELL9052,3.34,1.02,3.27,88,12,92,36.73,38.91,2024-11-12T11:02:18,dead,yes
BAT2399,CELL7422,3.8,0.78,4.87,60,40,99,34.07,42.5,2024-02-27T01:59:40,live,yes
BAT6911,CELL4259,4.15,0.69,6.01,95,5,90,39.05,43.96,2024-04-14T16:04:00,dead,yes
BAT4533,CELL3765,3.14,0.9,3.49,67,33,93,37.51,33.68,2023-05-27T03:58:02,live,no
BAT9278,CELL1622,3.05,1.82,1.68,55,45,100,35.99,33.3,2024-04-21T11:17:12,dead,no
BAT4363,CELL5221,3.59,1.46,2.46,92,8,97,32.87,45.41,2023-10-29T15:12:53,dead,no
BAT8292,CELL6157,3.67,0.85,4.32,91,9,97,33.75,40.02,2023-01-05T03:50:49,live,no
BAT6868,CELL4657,3.6,0.99,3.64,79,21,92,37.04,39.83,2024-11-16T15:15:04,dead,no
BAT7660,CELL9568,4.13,1.92,2.15,50,50,98,39.68,41.56,2024-12-05T08:59:07,dead,yes
BAT3623,CELL7940,3.05,1.78,1.71,91,9,95,38.33,33.72,2023-11-26T20:22:59,live,yes
BAT9888,CELL9362,4.13,1.6,2.58,68,32,92,40.82,41.4,2024-07-15T20:53:37,live,yes
BAT5010,CELL6083,3.69,2.0,1.84,64,36,94,41.3,39.12,2023-12-25T20:55:42,live,no
BAT5417,CELL5719,4.16,1.96,2.12,52,48,94,34.72,45.69,2023-04-24T23:25:20,dead,no
BAT8794,CELL6245,3.43,0.87,3.94,99,1,97,35.77,33.12,2024-09-21T06:36:36,live,no
BAT9544,CELL6721,4.03,1.08,3.73,57,43,99,36.7,45.07,2024-06-22T23:52:39,dead,yes
BAT8210,CELL2648,3.75,1.81,2.07,66,34,100,33.02,39.71,2023-10-30T01:29:59,dead,no
BAT1815,CELL1292,3.67,1.75,2.1,50,50,97,34.64,36.54,2024-02-03T23:32:22,live,no
BAT6022,CELL6214,3.71,1.21,3.07,54,46,95,33.13,42.7,2023-08-28T11:18:22,live,no
BAT5296,CELL8037,4.05,1.81,2.24,88,12,96,37.9,40.79,2023-09-23T03:08:37,live,no
BAT9362,CELL6430,3.71,0.86,4.31,56,44,93,32.28,33.64,2023-03-15T13:32:42,dead,yes
BAT8176,CELL6826,3.84,1.8,2.13,65,35,99,33.5,39.93,2024-08-19T00:40:50,live,yes
BAT5207,CELL9338,3.55,0.93,3.82,70,30,91,35.94,42.12,2023-10-11T13:46:09,dead,yes
BAT9486,CELL4854,3.65,1.1,3.32,64,36,92,34.17,33.24,2024-01-14T12:42:55,dead,no
BAT6825,CELL2749,3.54,1.15,3.08,81,19,93,41.74,34.99,2024-09-05T04:19:14,live,no
BAT9419,CELL7025,3.98,1.61,2.47,71,29,93,34.86,37.98,2023-01-12T13:15:03,dead,no
BAT8659,CELL3991,3.85,0.75,5.13,81,19,95,38.43,39.65,2024-02-05T15:46:28,live,no
BAT6930,CELL5703,3.54,1.32,2.68,55,45,92,33.7,38.47,2024-01-05T16:06:49,live,no
BAT9494,CELL5245,3.31,0.62,5.34,85,15,98,32.68,40.95,2023-03-31T15:47:44,dead,yes
BAT9785,CELL8958,4.18,1.53,2.73,74,26,94,35.69,40.89,2024-06-13T04:44:04,live,yes
BAT3297,CELL9407,3.75,1.08,3.47,78,22,93,36.31,38.38,2024-05-18T00:28:52,dead,yes
BAT6770,CELL1519,3.84,1.62,2.37,65,35,94,35.59,32.76,2024-01-19T10:55:21,live,no
BAT1903,CELL8147,4.09,1.31,3.12,98,2,96,39.58,32.2,2023-02-19T14:10:22,dead,no
BAT9761,CELL9583,3.61,1.64,2.2,98,2,97,41.62,38.76,2024-02-04T02:56:06,live,yes
BAT9701,CELL2584,3.6,1.66,2.17,83,17,100,34.52,35.05,2024-02-11T06:33:10,live,no
BAT6714,CELL9973,3.16,1.22,2.59,66,34,99,36.77,37.87,2023-09-14T21:49:49,dead,yes
BAT1099,CELL3996,3.83,0.62,6.18,75,25,100,34.01,38.2,2023-08-11T18:58:52,dead,yes
BAT7866,CELL1732,3.18,0.95,3.35,72,28,92,34.69,39.4,2023-09-17T05:03:44,live,yes
BAT6603,CELL1120,3.28,0.87,3.77,94,6,95,39.31,37.51,2024-05-30T19:31:45,live,no
BAT3102,CELL1067,3.33,1.95,1.71,98,2,90,35.96,36.54,2024-07-20T17:12:19,live,yes
BAT5554,CELL5461,3.74,1.84,2.03,93,7,93,41.51,35.92,2024-04-14T22:31:58,live,yes
BAT4444,CELL6608,3.68,0.96,3.83,70,30,100,37.26,32.57,2024-10-14T15:51:23,live,no
BAT6494,CELL3683,4.01,1.54,2.6,85,15,92,32.05,39.9,2023-01-28T13:29:13,dead,yes
BAT1468,CELL8286,3.98,0.8,4.97,57,43,90,39.45,42.44,2023-04-21T09:52:00,live,no
BAT8930,CELL3539,3.04,1.95,1.56,98,2,90,34.58,34.89,2024-01-09T19:58:28,live,yes
BAT9847,CELL4993,4.1,0.83,4.94,53,47,93,40.59,32.36,2023-05-23T14:26:18,dead,yes
BAT8556,CELL7500,3.9,1.97,1.98,50,50,100,36.37,35.75,2024-04-03T08:50:54,live,yes
BAT1692,CELL5448,3.24,1.24,2.61,90,10,95,32.56,39.72,2024-03-18T19:20:48,dead,no
BAT7637,CELL9122,4.03,1.17,3.44,72,28,100,33.28,40.24,2023-01-02T02:02:41,dead,yes
BAT4957,CELL2763,3.12,1.07,2.92,70,30,92,35.4,41.87,2024-05-23T17:00:12,live,yes
BAT2771,CELL5478,4.06,1.91,2.13,97,3,98,32.29,33.4,2023-07-24T05:18:11,live,yes
BAT4255,CELL5683,3.15,0.79,3.99,90,10,92,39.33,40.03,2024-03-20T06:30:04,live,no
BAT4798,CELL9894,3.84,0.9,4.27,60,40,99,38.53,39.28,2023-10-07T01:59:23,dead,no
BAT3113,CELL2230,3.95,0.62,6.37,92,8,94,32.4,35.66,2023-08-18T02:15:07,dead,no
BAT3588,CELL9259,4.04,0.52,7.77,71,29,95,37.6,32.41,2024-01-13T04:17:40,live,yes
BAT9927,CELL6558,4.02,0.66,6.09,73,27,95,35.01,40.14,2023-08-29T16:02:07,dead,yes
BAT5085,CELL4844,3.98,1.4,2.84,74,26,96,32.06,44.41,2024-04-21T15:30:00,dead,yes
BAT5096,CELL8471,3.24,1.7,1.91,61,39,96,32.5,34.48,2024-04-15T18:36:27,live,no
BAT6788,CELL7131,3.5,1.8,1.94,66,34,95,39.85,44.85,2024-11-14T02:14:25,live,yes
BAT7595,CELL3406,3.62,1.24,2.92,77,23,92,37.98,39.81,2023-08-21T17:26:10,live,no
BAT2655,CELL3746,3.93,1.51,2.6,87,13,100,37.15,36.91,2023-02-05T03:14:39,dead,no
BAT3243,CELL3123,3.52,1.85,1.9,98,2,98,41.8,36.11,2024-01-22T09:36:21,live,no
BAT1689,CELL6110,3.27,1.96,1.67,74,26,94,39.19,39.52,2023-09-06T04:03:14,live,no
BAT8393,CELL3272,3.06,1.86,1.65,82,18,92,34.67,40.62,2023-10-24T02:09:42,live,yes
BAT5362,CELL9073,3.74,0.6,6.23,97,3,98,35.18,32.11,2024-04-30T08:23:23,dead,yes
BAT5221,CELL3036,3.4,1.1,3.09,51,49,95,38.6,44.74,2023-10-30T17:02:28,live,yes
BAT8860,CELL9008,3.45,1.1,3.14,54,46,99,40.02,32.41,2023-07-02T06:01:01,dead,yes
BAT2757,CELL1214,3.79,0.6,6.32,55,45,90,37.35,40.76,2023-11-24T18:14:41,dead,yes
BAT2199,CELL8229,3.71,0.69,5.38,90,10,91,38.61,42.48,2024-07-12T03:52:16,live,no
BAT2481,CELL4346,3.55,1.6,2.22,53,47,100,36.09,41.93,2023-09-28T03:10:51,live,no
BAT5349,CELL7324,3.51,0.76,4.62,54,46,91,35.17,33.54,2024-05-12T03:14:41,live,no
BAT8024,CELL3717,3.67,1.64,2.24,90,10,93,32.24,35.59,2023-06-15T21:05:26,dead,yes
BAT3471,CELL3773,3.36,1.2,2.8,83,17,99,33.34,42.8,2023-10-11T03:56:57,live,yes
BAT2852,CELL7233,3.25,0.73,4.45,55,45,98,39.59,43.87,2023-08-15T09:49:25,live,yes
BAT3674,CELL8185,4.02,0.75,5.36,94,6,94,35.24,36.84,2023-08-10T12:48:10,live,no
BAT1491,CELL1091,3.03,1.59,1.91,64,36,100,32.56,40.7,2024-07-30T14:01:03,live,yes
BAT9123,CELL6066,3.51,0.56,6.27,71,29,97,33.22,37.24,2023-08-31T00:19:17,live,no
BAT8816,CELL8867,3.16,0.82,3.85,85,15,98,41.58,39.26,2024-03-21T17:55:10,dead,yes
BAT9243,CELL5821,3.52,1.89,1.86,61,39,97,33.49,38.98,2024-09-07T09:30:38,dead,no
BAT1372,CELL1573,3.84,1.03,3.73,92,8,90,37.75,36.97,2023-12-05T15:57:54,live,no
BAT4714,CELL3911,3.19,1.91,1.67,77,23,97,34.66,40.27,2023-04-15T19:36:35,dead,yes
BAT9129,CELL3302,3.3,0.65,5.08,94,6,100,36.91,40.7,2024-03-20T23:56:48,dead,no
BAT9742,CELL7826,4.18,0.78,5.36,100,0,93,32.19,34.08,2024-11-27T09:47:08,live,no
BAT6608,CELL7033,4.1,1.17,3.5,71,29,93,38.66,42.67,2023-08-27T03:28:41,live,no
BAT3358,CELL9749,4.14,1.05,3.94,50,50,96,36.72,36.08,2024-02-04T04:56:23,dead,yes
BAT1349,CELL7964,3.84,0.9,4.27,70,30,98,34.79,32.92,2024-04-27T15:44:29,live,yes
BAT2754,CELL3951,4.1,0.87,4.71,65,35,90,38.59,38.23,2023-03-09T19:14:57,live,no
BAT3338,CELL8975,3.89,1.76,2.21,97,3,95,40.44,41.71,2024-05-06T07:31:47,dead,yes
BAT8308,CELL9062,4.14,0.84,4.93,80,20,94,39.71,42.68,2024-09-08T16:11:37,live,no
BAT1833,CELL4958,3.46,0.84,4.12,57,43,95,32.65,45.66,2024-08-26T17:39:28,dead,yes
BAT7896,CELL6669,3.18,1.51,2.11,54,46,98,34.5,34.19,2023-05-25T12:38:26,dead,no
BAT9314,CELL9277,3.36,1.32,2.55,64,36,99,35.95,45.33,2023-02-19T23:20:26,live,yes
BAT4856,CELL8641,3.01,1.59,1.89,83,17,94,32.5,43.84,2023-04-16T18:01:25,dead,yes
BAT3246,CELL1941,3.04,1.83,1.66,70,30,100,41.84,35.61,2023-08-08T02:11:52,live,no
BAT3525,CELL3577,3.68,1.39,2.65,99,1,98,37.55,35.91,2024-12-03T21:44:25,live,no
BAT2354,CELL9559,3.64,1.63,2.23,67,33,94,38.68,34.72,2023-12-18T17:26:47,live,yes
BAT3612,CELL1457,4.15,0.88,4.72,94,6,95,41.47,40.07,2024-05-17T09:08:44,dead,yes
BAT8130,CELL1659,3.52,1.09,3.23,78,22,90,40.52,40.86,2024-02-24T11:37:04,dead,yes
BAT5716,CELL4761,4.08,0.79,5.16,72,28,97,40.36,37.69,2024-09-08T01:29:34,dead,yes
BAT9590,CELL2794,4.12,1.46,2.82,72,28,90,38.6,45.06,2023-10-08T18:47:24,live,no
BAT4696,CELL1549,4.14,1.33,3.11,72,28,95,38.68,41.4,2024-12-11T08:28:33,dead,no
BAT3759,CELL6533,3.77,1.54,2.45,98,2,97,36.07,43.69,2023-11-06T10:04:17,live,no
BAT4967,CELL8423,3.21,1.12,2.87,73,27,96,41.55,43.44,2023-06-05T18:47:27,live,no
BAT9918,CELL4717,3.2,1.27,2.52,99,1,98,35.04,45.05,2023-02-13T15:02:46,dead,yes
BAT7196,CELL7311,3.47,0.76,4.57,81,19,93,37.13,34.45,2024-10-05T18:28:24,live,no
BAT4428,CELL3754,3.73,1.6,2.33,81,19,94,34.63,32.38,2023-04-16T09:59:40,live,no
BAT4370,CELL3803,4.1,1.25,3.28,90,10,99,39.15,43.44,2023-10-03T22:50:42,live,no
BAT5972,CELL8933,3.96,1.61,2.46,60,40,90,39.13,32.57,2024-04-01T05:56:59,dead,no
BAT8683,CELL2842,3.65,1.93,1.89,79,21,96,40.94,35.55,2024-02-10T14:46:34,live,yes
BAT6126,CELL1013,3.4,1.46,2.33,95,5,99,33.86,33.39,2024-02-24T20:20:03,dead,yes
BAT3976,CELL7369,3.62,1.67,2.17,73,27,92,38.9,37.61,2024-07-06T07:10:49,live,yes
BAT2614,CELL6574,3.92,0.64,6.12,92,8,94,32.65,38.51,2024-07-23T03:55:21,live,yes
BAT9236,CELL7952,4.05,1.06,3.82,55,45,93,33.17,43.59,2023-05-11T00:38:49,live,no
BAT1825,CELL2116,3.21,1.52,2.11,77,23,96,33.21,45.06,2023-07-11T10:27:15,live,no
BAT7907,CELL9317,3.51,1.66,2.11,91,9,94,32.12,41.58,2024-05-14T03:23:22,dead,no
BAT8559,CELL5725,3.51,0.56,6.27,55,45,96,32.29,36.26,2023-04-22T20:29:03,live,yes
BAT5225,CELL4178,3.3,1.8,1.83,72,28,95,40.75,36.09,2024-02-10T12:07:56,dead,no
BAT8992,CELL3106,4.15,1.79,2.32,87,13,90,33.96,45.97,2023-08-20T14:43:22,live,yes
BAT9642,CELL5214,4.01,1.19,3.37,91,9,91,36.34,44.05,2024-07-20T08:30:48,dead,no
BAT3483,CELL1791,4.1,1.26,3.25,54,46,96,39.58,36.27,2024-11-30T08:30:59,live,yes
BAT6914,CELL6514,4.18,1.62,2.58,94,6,93,33.06,45.58,2024-11-01T00:48:22,dead,no
BAT2028,CELL4628,3.22,0.92,3.5,80,20,94,36.4,35.4,2023-02-03T17:47:03,dead,yes
BAT7368,CELL8092,3.72,0.78,4.77,87,13,92,33.02,45.82,2023-11-19T08:15:29,dead,no
BAT7745,CELL1664,3.9,0.72,5.42,91,9,92,38.81,33.02,2024-12-27T13:26:50,dead,no
BAT2488,CELL2618,3.56,1.41,2.52,94,6,94,34.27,41.2,2024-12-21T18:01:27,live,yes
BAT6491,CELL1588,4.18,1.73,2.42,52,48,95,40.24,42.06,2024-02-18T20:08:55,dead,yes
BAT7935,CELL7052,3.81,1.38,2.76,75,25,99,40.9,33.12,2023-10-28T03:43:08,dead,yes
BAT2379,CELL1357,4.06,1.39,2.92,81,19,92,32.18,40.44,2024-08-18T15:45:20,dead,yes
BAT8622,CELL9241,3.1,0.91,3.41,89,11,90,41.7,33.57,2023-01-23T17:56:52,dead,yes
BAT2292,CELL4991,4.11,1.75,2.35,61,39,97,34.07,38.52,2024-03-23T05:28:43,dead,no
BAT1270,CELL8631,3.78,1.88,2.01,60,40,94,39.06,42.42,2024-08-31T00:23:57,dead,yes
BAT3430,CELL7624,3.94,1.8,2.19,74,26,92,38.18,38.96,2023-11-17T02:39:39,live,yes
BAT4747,CELL2235,4.07,1.97,2.07,79,21,94,35.36,44.62,2023-07-14T10:51:51,live,no
BAT5807,CELL9208,4.05,1.61,2.52,70,30,94,38.71,34.21,2024-07-29T03:31:31,live,yes
BAT7308,CELL7019,4.15,1.37,3.03,52,48,99,34.26,45.74,2023-08-22T01:36:52,dead,no
BAT5915,CELL6428,3.03,1.63,1.86,96,4,90,36.89,36.29,2023-12-07T05:48:24,dead,no
BAT1800,CELL8894,3.54,0.88,4.02,75,25,92,32.68,34.42,2023-09-23T06:04:45,live,yes
BAT4633,CELL5437,4.11,1.49,2.76,82,18,96,35.93,41.51,2024-07-08T12:58:31,live,no
BAT2757,CELL2987,4.07,1.96,2.08,81,19,98,38.36,33.36,2024-08-24T19:39:27,live,yes
BAT1682,CELL1291,4.07,1.72,2.37,52,48,97,33.59,41.96,2024-04-25T11:17:11,live,yes
BAT9275,CELL6667,3.15,1.94,1.62,66,34,92,36.06,44.36,2023-09-01T05:07:14,dead,no
BAT1355,CELL5609,3.97,1.03,3.85,58,42,100,40.99,33.46,2023-01-29T20:23:01,dead,yes
BAT9810,CELL7359,3.89,1.82,2.14,76,24,100,33.44,37.22,2024-06-23T01:10:25,live,no
BAT3477,CELL8771,3.83,0.57,6.72,93,7,92,35.91,33.29,2024-08-09T10:56:12,live,no
BAT6940,CELL5599,3.03,1.49,2.03,96,4,90,38.31,45.6,2023-02-14T14:54:18,dead,no
BAT1508,CELL6068,3.68,1.8,2.04,89,11,98,38.16,35.91,2024-06-30T14:04:43,dead,yes
BAT9205,CELL4221,3.63,0.77,4.71,55,45,93,38.13,45.72,2024-12-07T06:39:12,dead,no
BAT9764,CELL7150,3.26,0.85,3.84,56,44,94,36.31,36.31,2024-03-23T07:26:52,dead,yes
BAT8354,CELL2911,3.96,1.67,2.37,51,49,91,38.49,39.08,2024-06-25T00:34:44,dead,no
BAT9956,CELL4068,4.01,1.48,2.71,50,50,92,32.38,40.67,2023-02-05T10:49:22,dead,yes
BAT6585,CELL8272,3.79,1.3,2.92,72,28,96,40.53,36.76,2024-02-28T21:50:37,dead,yes
BAT8473,CELL5590,3.91,1.81,2.16,83,17,93,41.06,34.74,2024-09-16T17:51:30,dead,yes
BAT3351,CELL6420,3.5,0.69,5.07,78,22,91,38.47,39.97,2024-04-07T06:09:30,dead,yes
BAT2128,CELL5879,3.84,1.11,3.46,98,2,100,41.47,37.23,2024-09-12T13:38:18,dead,yes
BAT1049,CELL1346,3.87,1.24,3.12,69,31,94,41.44,37.75,2023-02-20T14:25:25,live,yes
BAT8260,CELL9839,3.37,0.91,3.7,63,37,92,34.29,39.36,2024-10-27T23:59:00,dead,yes
BAT6312,CELL6313,3.71,0.73,5.08,61,39,99,39.75,38.18,2024-12-16T01:28:36,live,yes
BAT3729,CELL4800,3.81,1.22,3.12,74,26,98,36.84,34.22,2023-06-17T12:05:07,dead,yes
BAT1342,CELL6707,3.29,0.96,3.43,75,25,98,36.88,41.91,2024-12-17T05:58:19,dead,yes
BAT6622,CELL9577,4.1,1.13,3.63,73,27,96,37.59,42.95,2023-09-22T04:22:39,live,yes
BAT9097,CELL7163,3.3,1.12,2.95,99,1,95,39.72,45.86,2023-08-01T18:30:11,dead,no
BAT7869,CELL4226,3.22,0.81,3.98,86,14,97,33.3,41.13,2024-02-18T02:23:35,live,no
BAT4428,CELL2866,4.07,0.62,6.56,93,7,92,36.07,41.4,2023-08-05T18:07:46,live,no
BAT4343,CELL7543,4.14,1.57,2.64,68,32,96,37.56,44.24,2024-03-19T06:48:43,dead,yes
BAT3633,CELL7889,3.26,0.9,3.62,91,9,92,36.0,39.49,2024-10-28T21:06:42,live,yes
BAT8616,CELL4714,4.19,0.89,4.71,76,24,97,35.81,37.26,2023-02-23T16:01:50,dead,no
BAT1381,CELL8185,3.77,0.51,7.39,55,45,96,35.6,37.74,2024-09-08T00:38:33,live,no
BAT1141,CELL8255,3.82,1.94,1.97,50,50,96,38.47,35.86,2023-03-11T06:33:42,dead,no
BAT9794,CELL1037,3.08,0.96,3.21,91,9,92,37.05,37.34,2023-07-07T05:03:57,live,no
BAT4682,CELL3131,4.03,1.63,2.47,91,9,94,41.22,35.6,2024-03-07T02:22:53,dead,yes
BAT7919,CELL6808,3.16,1.7,1.86,100,0,90,35.08,35.88,2024-07-01T14:43:56,dead,no
BAT8323,CELL2473,3.94,1.74,2.26,81,19,98,34.1,35.79,2023-11-13T01:01:00,dead,yes
BAT2130,CELL2240,3.48,1.59,2.19,79,21,95,38.94,36.97,2023-03-07T22:39:40,live,yes
BAT4607,CELL7788,3.19,1.73,1.84,59,41,90,41.28,44.74,2023-01-07T02:44:23,dead,yes
BAT8120,CELL5802,3.43,0.8,4.29,100,0,100,34.87,33.89,2023-09-01T14:28:00,dead,no
BAT9247,CELL4050,3.43,0.65,5.28,55,45,91,35.52,39.77,2024-11-08T21:12:49,dead,yes
BAT8198,CELL6630,4.06,0.69,5.88,60,40,100,38.37,35.73,2023-08-03T15:44:53,dead,yes
BAT2744,CELL7346,4.18,1.89,2.21,54,46,96,39.26,40.78,2024-01-11T19:48:47,dead,no
BAT6328,CELL3906,3.11,0.96,3.24,82,18,97,37.48,41.51,2024-11-12T20:13:29,live,no
BAT6731,CELL6709,3.4,1.46,2.33,82,18,90,38.68,38.33,2024-08-06T01:51:29,dead,yes
BAT6331,CELL2526,3.88,0.9,4.31,88,12,98,38.69,45.28,2023-09-05T04:08:38,dead,no
BAT8587,CELL8596,3.21,1.89,1.7,70,30,91,41.74,43.21,2024-02-03T23:52:42,dead,yes
BAT6308,CELL1169,3.48,0.98,3.55,87,13,100,36.01,36.05,2023-05-05T11:50:55,dead,no
BAT7069,CELL6234,3.32,0.96,3.46,64,36,93,39.45,39.94,2024-04-01T21:37:31,dead,no
BAT8839,CELL8918,3.28,1.21,2.71,100,0,100,38.37,38.25,2024-03-16T11:28:21,dead,no
BAT9455,CELL4671,3.82,1.11,3.44,51,49,91,37.77,40.59,2023-10-26T13:43:50,dead,yes
BAT3778,CELL1610,3.17,1.97,1.61,69,31,98,32.98,37.16,2024-06-21T23:13:06,dead,yes
BAT7290,CELL6305,3.26,1.19,2.74,60,40,99,38.46,40.59,2024-03-07T01:54:38,live,no
BAT7349,CELL6790,3.02,1.91,1.58,80,20,90,35.12,32.37,2023-04-22T16:11:31,live,yes
BAT1412,CELL4787,3.84,1.94,1.98,86,14,94,39.04,33.29,2023-03-13T07:10:45,dead,no
BAT3371,CELL4091,3.13,0.82,3.82,83,17,94,40.79,45.95,2023-10-31T00:30:19,live,no
BAT6907,CELL8005,3.72,1.99,1.87,83,17,93,41.27,39.06,2024-01-21T07:45:24,live,no
BAT1477,CELL6605,4.17,1.11,3.76,98,2,98,33.01,39.06,2023-03-30T01:39:12,live,yes
BAT6092,CELL7587,3.12,1.43,2.18,72,28,93,38.23,37.79,2023-01-23T22:59:45,dead,no
BAT6249,CELL6970,3.64,1.48,2.46,84,16,91,34.56,32.89,2024-01-27T11:03:06,live,yes
BAT7017,CELL4335,4.19,1.37,3.06,76,24,90,35.24,43.29,2024-07-14T16:32:20,dead,no
BAT5291,CELL3105,3.53,1.6,2.21,74,26,96,39.95,39.08,2024-10-07T23:24:38,dead,no
BAT8420,CELL4203,3.31,0.73,4.53,77,23,90,35.49,36.55,2024-05-08T11:49:43,dead,no
BAT7070,CELL2483,3.28,0.66,4.97,53,47,93,33.51,40.09,2023-08-08T13:39:56,live,no
BAT1339,CELL7571,3.83,0.57,6.72,73,27,95,41.67,45.89,2024-02-07T11:21:48,dead,no
BAT4035,CELL1244,3.5,1.08,3.24,90,10,98,34.3,45.8,2024-06-17T12:47:03,dead,yes
BAT7468,CELL2193,3.97,1.46,2.72,56,44,100,32.25,45.39,2023-11-22T20:53:56,dead,no
BAT5086,CELL6958,3.38,1.85,1.83,65,35,95,41.41,44.73,2024-06-29T13:06:45,live,yes
BAT5183,CELL5643,4.14,1.87,2.21,75,25,98,33.01,32.87,2023-09-24T23:12:27,dead,no
BAT8193,CELL2459,4.05,0.72,5.62,83,17,93,39.73,44.42,2023-10-01T01:12:35,live,no
BAT9379,CELL6760,3.66,1.76,2.08,54,46,90,33.37,41.04,2023-09-15T09:13:12,live,no
BAT5505,CELL6559,3.49,1.34,2.6,77,23,99,39.94,41.65,2023-06-17T07:10:03,live,yes
BAT9950,CELL2880,3.51,1.76,1.99,67,33,98,38.58,39.21,2024-11-14T01:45:01,dead,no
BAT5462,CELL4321,3.33,1.96,1.7,66,34,93,41.37,40.47,2024-10-06T07:31:12,dead,no
BAT1701,CELL4589,3.84,1.4,2.74,96,4,94,35.87,34.8,2023-04-26T03:29:31,dead,no
BAT9291,CELL9450,3.72,1.94,1.92,69,31,96,33.57,39.99,2024-05-11T03:40:21,live,no
BAT2271,CELL2168,3.7,0.8,4.62,80,20,100,33.96,38.46,2024-10-24T17:48:04,live,no
BAT3530,CELL6571,3.5,1.74,2.01,83,17,93,32.08,34.32,2023-10-24T04:54:38,dead,yes
BAT2278,CELL7325,4.05,1.54,2.63,96,4,95,40.98,36.15,2023-10-29T07:19:54,dead,no
BAT8824,CELL9750,4.16,1.3,3.2,56,44,94,37.08,34.44,2023-05-06T00:59:31,dead,yes
BAT7297,CELL7386,3.73,0.81,4.6,92,8,91,34.59,35.36,2024-01-14T23:55:42,dead,no
BAT5274,CELL8301,3.6,1.88,1.91,60,40,92,37.86,45.81,2024-05-31T15:13:42,dead,no
BAT3628,CELL7905,3.77,0.93,4.05,98,2,94,40.43,35.34,2023-04-04T11:38:16,live,no
BAT1603,CELL5259,3.78,0.87,4.34,79,21,97,33.75,40.29,2023-12-16T08:14:42,dead,no
BAT5423,CELL6817,3.13,1.87,1.67,98,2,94,39.94,42.89,2024-04-21T04:59:22,dead,no
BAT9733,CELL1250,3.96,0.87,4.55,96,4,99,39.93,43.01,2024-08-12T15:54:49,dead,yes
BAT5811,CELL5784,3.52,1.47,2.39,62,38,93,34.82,45.57,2023-02-21T03:46:21,dead,yes
BAT2282,CELL7968,3.71,1.48,2.51,93,7,99,36.36,37.37,2024-07-30T12:49:26,dead,no
BAT4151,CELL3544,3.65,1.37,2.66,88,12,91,41.12,34.27,2024-02-18T21:20:33,dead,no
BAT3475,CELL5628,4.14,1.84,2.25,93,7,94,32.37,33.84,2024-12-15T18:31:06,live,no
BAT6700,CELL1606,3.41,0.72,4.74,71,29,98,34.74,42.17,2024-12-21T17:50:53,dead,yes
BAT4810,CELL5646,3.97,0.66,6.02,97,3,97,36.3,33.8,2023-07-11T02:15:34,dead,no
BAT7501,CELL9690,3.79,1.84,2.06,85,15,100,36.48,37.29,2024-06-18T19:25:44,live,no
BAT4225,CELL5456,3.27,1.64,1.99,63,37,100,38.01,39.0,2023-07-23T14:15:25,live,yes
BAT8508,CELL2532,3.65,1.52,2.4,61,39,100,36.04,41.72,2023-05-16T11:31:07,live,yes
BAT1430,CELL3137,3.99,0.77,5.18,85,15,100,40.14,42.97,2023-12-29T07:45:27,live,no
BAT1928,CELL9698,4.15,1.73,2.4,100,0,91,38.21,37.28,2024-12-09T18:14:16,live,no
BAT4463,CELL6214,3.8,1.53,2.48,78,22,99,35.47,44.94,2023-02-10T19:05:02,live,no
BAT7343,CELL3381,3.09,1.29,2.4,91,9,90,41.83,36.0,2023-10-10T21:30:12,live,no
BAT4738,CELL1912,3.79,1.08,3.51,76,24,98,39.72,34.51,2024-12-09T00:44:48,live,no
BAT4740,CELL2924,3.16,0.78,4.05,64,36,99,35.72,35.97,2023-12-15T12:53:16,live,no
BAT6024,CELL6230,3.79,1.39,2.73,83,17,91,37.35,34.05,2023-06-14T01:00:05,dead,no
BAT8276,CELL2588,3.89,1.79,2.17,62,38,91,35.83,39.75,2024-02-15T09:08:19,live,yes
BAT2529,CELL4972,3.24,1.54,2.1,70,30,100,38.98,38.11,2023-06-21T11:57:34,dead,yes
BAT2652,CELL1568,3.29,1.48,2.22,93,7,94,39.97,40.75,2024-04-06T07:03:51,dead,yes
BAT4836,CELL1545,3.72,1.71,2.18,87,13,92,41.09,33.41,2023-11-01T20:54:57,dead,no
BAT4682,CELL8282,3.95,1.76,2.24,84,16,91,39.43,32.4,2024-01-19T01:45:26,dead,no
BAT8775,CELL9320,3.6,1.84,1.96,85,15,92,34.32,32.67,2023-02-10T13:04:46,live,yes
BAT1072,CELL1561,3.86,1.73,2.23,77,23,94,39.72,43.29,2024-12-28T08:07:37,live,no
BAT3555,CELL4417,3.64,1.81,2.01,67,33,94,34.21,38.58,2024-12-27T03:17:26,live,no
BAT1065,CELL3624,3.03,0.62,4.89,100,0,95,38.55,39.1,2023-07-02T09:03:09,live,no
BAT6124,CELL1362,3.13,1.55,2.02,62,38,91,32.83,39.97,2024-10-15T19:14:12,live,no
BAT8456,CELL6417,3.66,1.42,2.58,51,49,100,34.11,37.72,2023-09-04T01:31:19,dead,yes
BAT2901,CELL6222,3.73,0.93,4.01,63,37,97,35.94,39.8,2024-01-04T14:51:26,dead,no
BAT7512,CELL7775,3.22,0.65,4.95,66,34,96,39.04,38.75,2024-04-07T12:21:21,live,yes
BAT8858,CELL1136,3.71,1.23,3.02,66,34,91,33.35,32.13,2023-02-24T09:54:21,live,yes
BAT9616,CELL7804,3.02,0.95,3.18,98,2,95,33.32,34.57,2024-06-09T09:29:42,dead,yes
BAT3282,CELL1354,4.1,1.91,2.15,61,39,92,41.9,44.49,2024-03-02T05:35:20,dead,yes
BAT3263,CELL7020,4.04,0.83,4.87,91,9,95,35.72,44.24,2024-10-27T18:08:52,live,yes
BAT8926,CELL6825,3.57,0.83,4.3,75,25,99,37.63,33.11,2024-10-21T20:46:29,live,no
BAT8649,CELL4177,3.39,1.56,2.17,78,22,94,40.05,43.81,2023-01-23T15:16:55,dead,no
BAT7206,CELL9046,3.9,1.45,2.69,69,31,97,34.72,42.89,2023-09-26T14:55:47,dead,yes
BAT8501,CELL3777,4.16,1.8,2.31,98,2,97,34.82,40.18,2023-11-07T18:58:10,live,no
BAT4893,CELL5560,3.73,1.48,2.52,88,12,100,32.32,33.2,2023-09-20T23:47:56,live,no
BAT1353,CELL3370,3.71,0.86,4.31,61,39,90,38.6,37.02,2024-04-26T23:01:50,live,no
BAT4703,CELL8313,3.24,1.25,2.59,60,40,97,32.8,32.04,2024-03-17T18:07:51,dead,no
BAT4981,CELL3645,3.24,1.86,1.74,71,29,95,38.81,35.43,2023-10-09T17:51:05,live,yes
BAT1866,CELL6963,3.94,1.04,3.79,64,36,95,36.62,39.61,2024-08-19T04:46:05,dead,no
BAT2203,CELL9875,3.54,0.94,3.77,99,1,93,35.68,39.5,2024-09-12T19:14:29,dead,yes
BAT7056,CELL6260,3.57,1.03,3.47,69,31,91,40.0,38.99,2023-02-28T07:09:34,live,yes
BAT3765,CELL9157,3.56,0.53,6.72,51,49,97,38.09,36.53,2024-03-03T00:11:48,dead,no
BAT2148,CELL7293,3.53,1.56,2.26,69,31,98,41.97,39.78,2023-11-19T05:50:39,live,no
BAT3822,CELL4646,4.14,0.8,5.17,75,25,100,34.19,38.24,2023-06-03T00:57:15,live,no
BAT7476,CELL7810,3.76,0.51,7.37,96,4,96,41.88,43.77,2024-11-12T20:54:18,dead,yes
BAT1050,CELL6915,3.99,0.98,4.07,56,44,97,34.25,44.5,2023-07-24T02:57:32,dead,yes
BAT6789,CELL7860,4.2,1.46,2.88,87,13,91,41.84,37.68,2024-03-16T20:22:14,dead,yes
BAT7092,CELL4512,3.46,0.98,3.53,53,47,97,39.73,36.69,2024-09-29T15:43:34,dead,no
BAT9895,CELL3680,3.79,1.78,2.13,76,24,91,34.18,34.03,2023-12-16T14:53:49,dead,no
BAT9783,CELL2669,3.53,0.87,4.06,63,37,93,34.25,33.75,2023-01-11T08:46:37,live,yes
BAT7042,CELL8449,3.18,1.55,2.05,82,18,98,38.87,44.78,2024-06-13T11:02:46,live,no
BAT9799,CELL5608,3.6,0.97,3.71,82,18,100,38.57,43.93,2024-06-27T16:18:40,dead,no
BAT5317,CELL4169,3.39,1.52,2.23,71,29,93,41.99,37.6,2023-09-09T07:15:58,dead,no
BAT7901,CELL2925,3.01,0.51,5.9,50,50,93,32.3,33.6,2023-10-15T11:40:53,live,no
BAT7695,CELL5744,3.9,1.82,2.14,77,23,96,39.74,44.76,2023-03-02T21:04:22,live,yes
BAT2750,CELL2558,3.06,1.42,2.15,70,30,94,32.92,34.73,2024-07-15T20:51:01,dead,no
BAT4347,CELL8115,4.14,0.91,4.55,76,24,93,40.17,37.6,2024-02-27T17:50:08,dead,no
BAT7223,CELL9902,3.77,1.04,3.62,53,47,99,34.29,45.18,2023-01-14T14:34:46,dead,no
BAT3709,CELL4933,3.67,1.33,2.76,50,50,97,38.02,44.91,2024-08-05T04:12:28,live,no
BAT4719,CELL6019,3.01,1.4,2.15,62,38,99,34.54,38.84,2023-10-06T23:56:36,live,yes
BAT6330,CELL4313,3.53,0.54,6.54,50,50,97,40.55,38.62,2023-04-16T18:02:36,dead,no
BAT4795,CELL6102,3.09,1.13,2.73,71,29,95,37.99,39.98,2024-05-04T19:58:06,dead,no
BAT1146,CELL5945,3.07,1.98,1.55,97,3,100,33.8,34.51,2023-09-12T08:14:14,dead,no
BAT5852,CELL3399,3.1,1.77,1.75,62,38,95,35.62,38.5,2023-10-06T07:40:00,dead,no
BAT7710,CELL4692,3.57,1.61,2.22,79,21,96,32.92,44.53,2024-04-18T04:31:17,dead,yes
BAT8897,CELL4858,3.97,0.63,6.3,51,49,92,39.45,34.37,2024-03-19T09:00:34,live,yes
BAT7019,CELL7447,4.09,1.69,2.42,73,27,96,33.16,44.52,2023-02-24T19:18:49,live,yes
BAT4242,CELL9536,3.07,1.52,2.02,68,32,92,35.75,38.14,2024-04-25T21:17:54,dead,yes
BAT6315,CELL8422,3.74,1.58,2.37,68,32,96,35.47,45.3,2024-11-03T10:01:49,dead,no
BAT3670,CELL2326,3.62,0.71,5.1,72,28,100,38.34,45.91,2024-05-12T02:44:25,live,yes
BAT8921,CELL5853,3.89,0.9,4.32,74,26,96,40.82,39.44,2023-05-05T18:07:21,dead,yes
BAT4813,CELL9639,4.01,0.63,6.37,60,40,94,36.85,37.72,2024-07-13T01:06:10,dead,no
BAT9752,CELL9317,3.37,1.01,3.34,79,21,94,33.51,33.69,2023-10-25T11:24:16,dead,no
BAT6035,CELL6476,4.19,1.25,3.35,52,48,95,32.82,42.69,2024-05-21T15:52:39,dead,yes
BAT6102,CELL2633,3.86,1.54,2.51,57,43,93,34.75,33.61,2023-07-03T17:02:49,dead,no
BAT2587,CELL5182,3.1,1.47,2.11,95,5,94,35.5,42.12,2023-03-17T01:30:20,dead,no
BAT8535,CELL6460,3.32,1.58,2.1,78,22,100,37.36,32.84,2023-12-23T21:29:54,dead,yes
BAT2256,CELL5151,3.53,1.44,2.45,94,6,96,34.27,39.79,2023-09-02T21:13:27,live,no
BAT4077,CELL1048,3.25,0.71,4.58,95,5,96,40.93,36.62,2024-01-27T02:06:11,live,yes
BAT8911,CELL9604,3.53,1.59,2.22,69,31,100,41.88,36.91,2024-07-27T00:10:44,dead,yes
BAT1537,CELL9733,4.18,1.52,2.75,83,17,92,40.75,39.26,2023-03-31T14:46:53,dead,no
BAT7188,CELL6958,3.45,1.43,2.41,67,33,93,37.46,35.28,2024-03-30T18:42:09,dead,yes
BAT1387,CELL2086,3.59,1.48,2.43,95,5,98,33.73,32.92,2023-11-23T14:36:13,dead,no
BAT6331,CELL4792,4.1,1.38,2.97,98,2,96,39.4,41.57,2023-05-26T10:04:34,dead,no
BAT5624,CELL4707,3.69,0.77,4.79,91,9,99,36.13,37.69,2023-09-21T18:55:24,live,yes
BAT8287,CELL1510,3.43,1.91,1.8,58,42,97,38.57,41.91,2023-10-26T17:10:17,dead,yes
BAT5941,CELL4606,3.88,1.76,2.2,91,9,92,38.87,43.37,2024-09-29T22:24:47,dead,yes
BAT7958,CELL6473,3.35,0.82,4.09,99,1,99,36.4,39.45,2024-03-20T18:52:59,live,yes
BAT2448,CELL5058,3.74,0.58,6.45,88,12,99,34.77,35.34,2024-05-08T18:54:20,dead,no
BAT5319,CELL1258,3.3,1.09,3.03,55,45,90,37.59,32.41,2024-08-28T06:59:42,live,yes
BAT2490,CELL1118,3.23,1.89,1.71,71,29,96,40.99,33.96,2023-07-03T01:13:39,dead,yes
BAT9053,CELL4526,3.56,1.73,2.06,56,44,91,41.62,43.58,2024-02-27T18:37:30,dead,no
BAT8305,CELL4030,3.64,1.6,2.27,50,50,92,34.38,39.67,2024-01-13T20:15:01,dead,yes
BAT8696,CELL4020,3.71,1.13,3.28,78,22,95,32.35,39.14,2024-07-21T07:04:06,live,yes
BAT1487,CELL1159,3.84,0.72,5.33,93,7,92,32.69,38.08,2024-01-06T22:56:09,live,no
BAT1286,CELL4191,3.95,1.68,2.35,52,48,93,39.27,45.37,2024-07-04T20:32:40,live,yes
BAT2863,CELL7743,3.84,1.25,3.07,88,12,90,41.44,35.65,2023-04-03T01:16:44,live,yes
BAT8866,CELL8788,3.25,1.4,2.32,87,13,93,41.3,35.02,2024-04-24T09:48:54,live,yes
BAT1367,CELL3181,3.7,0.56,6.61,54,46,90,32.16,39.95,2023-05-09T12:52:33,dead,no
BAT7502,CELL7291,3.83,0.58,6.6,51,49,95,40.77,35.41,2024-01-03T11:45:16,live,yes
BAT6525,CELL3953,3.08,1.91,1.61,94,6,95,35.63,43.69,2023-07-12T18:12:57,live,no
BAT1020,CELL8853,3.46,0.51,6.78,96,4,98,35.76,42.24,2023-02-17T20:01:02,dead,no
BAT3772,CELL4801,3.47,0.97,3.58,90,10,90,38.83,36.96,2023-03-26T15:44:47,live,yes
BAT6758,CELL4049,3.05,1.99,1.53,85,15,92,35.55,35.93,2023-12-07T18:42:48,live,yes
BAT4783,CELL8144,3.32,1.78,1.87,71,29,97,38.71,39.05,2024-01-16T16:14:47,dead,no
BAT8433,CELL8069,4.08,0.64,6.38,95,5,91,36.88,45.49,2024-01-30T15:58:15,dead,yes
BAT2308,CELL2123,3.67,1.31,2.8,54,46,90,36.95,41.69,2024-02-10T06:15:31,live,no
BAT2409,CELL9241,3.3,1.07,3.08,91,9,95,32.22,38.56,2023-11-12T00:57:38,dead,yes
BAT7373,CELL3209,4.11,1.86,2.21,63,37,90,38.06,43.86,2023-06-25T03:11:54,dead,yes
BAT2518,CELL9888,3.42,1.76,1.94,84,16,96,37.08,44.45,2023-10-22T10:35:26,live,no
BAT6145,CELL8131,3.93,1.96,2.01,69,31,93,39.09,38.7,2023-03-19T08:38:11,live,no
BAT6849,CELL8203,3.75,0.69,5.43,76,24,95,39.06,35.93,2023-11-19T23:28:07,dead,no
BAT9436,CELL1350,3.74,1.96,1.91,83,17,92,39.21,43.51,2023-11-30T21:01:03,live,yes
BAT3519,CELL9463,4.02,1.88,2.14,59,41,100,32.2,34.93,2024-10-05T05:15:35,live,no
BAT9121,CELL3465,3.37,0.58,5.81,73,27,100,34.47,44.26,2023-02-01T12:46:13,dead,yes
BAT1587,CELL3173,3.08,1.86,1.66,58,42,92,41.89,39.4,2024-08-01T13:04:19,dead,yes
BAT1786,CELL3027,3.43,1.26,2.72,81,19,97,32.91,37.81,2024-08-01T11:29:51,dead,no
BAT1276,CELL5153,3.97,1.43,2.78,81,19,90,32.77,38.07,2023-06-18T05:08:28,dead,no
BAT3058,CELL5545,3.94,1.17,3.37,55,45,93,35.48,42.86,2023-05-30T07:04:52,dead,no
BAT8795,CELL5778,3.68,1.69,2.18,92,8,97,34.26,34.11,2023-03-05T05:34:14,live,no
BAT2847,CELL7917,4.03,1.74,2.32,68,32,99,40.17,34.06,2023-03-25T04:58:23,dead,yes
BAT6681,CELL9419,4.06,1.6,2.54,74,26,94,32.43,34.19,2023-10-02T17:11:20,live,yes
BAT6912,CELL6143,4.07,1.9,2.14,59,41,100,36.9,36.22,2024-08-03T09:04:22,live,yes
BAT7432,CELL6902,3.69,0.87,4.24,62,38,91,32.3,45.77,2023-01-05T21:53:19,live,no
BAT7874,CELL1508,3.54,1.15,3.08,56,44,91,32.33,34.71,2023-08-13T12:53:01,live,yes
BAT6452,CELL1494,4.08,1.2,3.4,76,24,90,39.72,35.48,2024-02-01T04:28:29,dead,yes
BAT2469,CELL1654,3.65,0.74,4.93,93,7,96,35.82,38.6,2024-07-08T04:47:45,live,yes
BAT8718,CELL3097,3.35,1.5,2.23,94,6,97,40.51,35.11,2023-09-22T13:01:04,live,yes
BAT8028,CELL8810,3.75,0.52,7.21,62,38,94,35.08,44.06,2023-05-29T21:13:57,live,yes
BAT5924,CELL8094,3.33,1.61,2.07,71,29,92,36.84,40.43,2023-02-26T17:36:32,dead,yes
BAT9988,CELL6038,3.42,1.85,1.85,92,8,97,38.56,39.21,2024-08-26T20:49:18,dead,no
BAT2925,CELL9205,3.02,0.88,3.43,82,18,99,35.41,38.29,2024-10-17T13:45:49,dead,yes
BAT5609,CELL2757,4.11,0.76,5.41,75,25,90,36.82,41.5,2024-09-04T16:18:30,dead,yes
BAT7894,CELL1853,3.61,0.83,4.35,86,14,92,36.39,33.29,2023-05-26T10:33:48,live,no
BAT7863,CELL3443,3.45,1.77,1.95,83,17,95,34.05,32.38,2023-03-14T21:13:47,dead,no
BAT8966,CELL3586,3.32,1.38,2.41,73,27,91,33.8,43.58,2023-04-18T09:24:01,dead,yes
BAT4221,CELL3189,3.92,1.25,3.14,88,12,98,40.44,45.02,2023-11-10T21:20:57,dead,yes
BAT2121,CELL6408,3.5,1.21,2.89,68,32,91,34.36,37.14,2024-10-18T14:35:46,dead,yes
BAT1790,CELL6304,3.59,0.63,5.7,78,22,90,38.85,36.12,2023-05-17T10:38:05,live,no
BAT5172,CELL4258,3.68,1.77,2.08,57,43,91,35.11,35.44,2023-05-16T11:09:14,live,yes
BAT8612,CELL1763,3.88,0.94,4.13,89,11,91,40.02,42.52,2024-01-09T14:52:26,live,no
BAT1931,CELL9407,3.61,1.23,2.93,57,43,95,41.84,32.74,2023-02-18T08:57:06,live,yes
BAT2818,CELL2399,3.82,1.35,2.83,82,18,98,40.11,40.51,2024-09-22T01:56:17,dead,no
BAT5997,CELL5795,3.57,1.13,3.16,68,32,96,34.17,41.16,2023-10-15T22:44:33,dead,no
BAT4350,CELL7686,3.71,1.56,2.38,58,42,95,38.04,41.45,2023-06-25T05:08:19,live,yes
BAT8341,CELL4816,3.19,0.75,4.25,65,35,100,40.58,42.03,2023-10-14T17:23:36,dead,no
BAT9781,CELL2074,3.16,1.4,2.26,57,43,92,41.84,44.21,2024-12-31T19:58:29,dead,yes
BAT2098,CELL6737,3.23,1.63,1.98,61,39,96,32.36,45.85,2023-01-18T12:04:30,live,no
BAT6629,CELL6060,3.61,1.29,2.8,64,36,95,39.14,45.22,2024-04-25T11:34:14,live,yes
BAT1427,CELL1473,3.13,1.6,1.96,91,9,90,41.82,38.53,2024-07-20T02:22:21,live,no
BAT2961,CELL4820,3.33,1.04,3.2,65,35,100,34.47,45.44,2024-07-01T11:50:26,live,yes
BAT4183,CELL5662,3.88,0.55,7.05,86,14,94,35.65,44.15,2023-08-16T10:56:25,live,yes
BAT3245,CELL4256,3.61,0.71,5.08,89,11,93,37.56,32.77,2023-11-02T01:07:29,dead,no
BAT5176,CELL9961,3.92,1.02,3.84,91,9,99,32.31,45.92,2023-11-17T10:47:00,dead,no
BAT1872,CELL7271,3.44,0.73,4.71,75,25,90,34.18,43.72,2024-07-12T22:46:28,dead,yes
BAT4958,CELL9556,4.17,1.77,2.36,74,26,97,38.46,33.37,2024-07-10T02:09:02,live,yes
BAT9323,CELL6027,3.96,1.35,2.93,100,0,91,41.62,44.78,2024-04-01T05:31:31,live,no
BAT8442,CELL2671,3.35,0.86,3.9,80,20,96,37.35,35.2,2024-03-17T11:07:07,dead,no
BAT3310,CELL5976,3.92,1.17,3.35,55,45,96,40.29,32.01,2023-01-23T14:43:20,live,no
BAT6751,CELL4017,3.98,1.57,2.54,82,18,100,35.72,42.49,2024-07-21T05:42:27,dead,yes
BAT5533,CELL1515,4.16,0.51,8.16,87,13,96,40.31,42.07,2023-03-06T20:20:36,dead,yes
BAT5413,CELL4536,3.3,1.16,2.84,64,36,94,34.05,32.98,2023-01-22T16:31:18,dead,yes
BAT7977,CELL8524,3.85,1.78,2.16,89,11,99,39.02,37.78,2023-12-24T10:28:09,dead,no
BAT5357,CELL2759,3.41,1.95,1.75,50,50,95,34.79,32.77,2023-01-04T06:04:47,live,no
BAT8161,CELL6302,3.38,0.52,6.5,84,16,98,39.34,44.29,2023-10-19T06:04:17,dead,yes
BAT8101,CELL9089,3.2,0.71,4.51,82,18,95,34.13,32.4,2024-06-16T20:00:27,live,yes
BAT4497,CELL2356,4.07,0.75,5.43,90,10,96,35.85,37.83,2024-12-30T14:10:38,live,no
BAT6338,CELL4732,3.75,0.66,5.68,60,40,90,35.28,41.61,2023-05-27T00:25:10,dead,yes
BAT3980,CELL8909,3.51,1.46,2.4,51,49,98,36.34,43.07,2024-03-30T06:02:50,live,yes
BAT6419,CELL8289,4.05,0.88,4.6,83,17,94,35.96,43.92,2024-12-06T04:15:12,live,yes
BAT9316,CELL7807,3.07,1.13,2.72,95,5,96,40.82,38.54,2024-09-03T00:03:28,live,yes
BAT4999,CELL6267,3.06,1.61,1.9,50,50,97,32.58,34.41,2024-05-01T08:59:07,dead,no
BAT2693,CELL6681,3.27,1.11,2.95,93,7,90,38.55,42.88,2023-04-13T08:02:11,dead,yes
BAT9239,CELL2655,3.23,1.45,2.23,77,23,98,38.03,41.41,2024-06-16T23:29:10,live,no
BAT6260,CELL9192,3.67,1.09,3.37,65,35,97,32.12,40.88,2024-02-08T14:45:04,live,yes
BAT5175,CELL1855,3.81,0.52,7.33,96,4,91,37.46,39.94,2024-04-24T16:33:13,live,no
BAT9999,CELL1786,3.39,1.69,2.01,91,9,99,32.39,38.7,2023-01-21T03:30:56,live,yes
BAT4293,CELL5474,3.75,0.52,7.21,91,9,99,36.98,40.87,2024-03-21T09:57:10,live,no
BAT3363,CELL4522,3.06,1.94,1.58,58,42,98,33.2,33.96,2023-07-13T21:48:35,dead,yes
BAT3542,CELL1018,3.54,0.72,4.92,92,8,90,39.88,33.01,2024-11-23T07:15:55,dead,yes
BAT4500,CELL2113,3.49,1.05,3.32,99,1,93,36.0,42.87,2023-09-22T05:17:49,live,yes
BAT9847,CELL3765,3.35,0.54,6.2,85,15,93,37.72,33.78,2024-12-10T05:34:06,dead,yes
BAT5501,CELL3284,3.05,1.79,1.7,96,4,94,32.9,34.84,2023-04-09T21:59:39,live,yes
BAT2159,CELL1227,3.52,1.28,2.75,98,2,98,33.97,44.22,2024-01-24T20:10:40,live,yes
BAT2272,CELL3478,4.05,0.87,4.66,64,36,93,32.73,36.72,2024-06-09T19:28:16,dead,yes
BAT8444,CELL7520,3.81,1.22,3.12,88,12,96,39.48,35.85,2024-03-23T07:25:13,live,yes
BAT1351,CELL3818,3.21,1.21,2.65,72,28,100,38.89,37.15,2023-12-06T15:19:46,live,yes
BAT2266,CELL1615,4.07,1.09,3.73,88,12,98,32.56,32.11,2023-02-26T00:20:49,live,no
BAT9160,CELL5303,4.08,1.19,3.43,75,25,91,41.94,44.3,2024-04-21T16:28:04,live,no
BAT4021,CELL4368,3.79,0.64,5.92,79,21,97,33.94,39.94,2023-09-08T15:56:18,live,no
BAT8329,CELL7891,3.45,0.59,5.85,62,38,90,32.63,37.47,2024-09-27T01:37:35,dead,yes
BAT1062,CELL4537,3.65,1.9,1.92,91,9,99,37.49,45.26,2023-03-24T00:32:55,dead,no
BAT8848,CELL2055,3.85,1.65,2.33,77,23,97,40.75,40.67,2024-12-13T16:18:27,dead,yes
BAT7642,CELL7997,3.65,1.97,1.85,90,10,96,39.38,42.33,2023-06-25T06:38:02,live,no
BAT4182,CELL5558,3.38,1.19,2.84,61,39,100,32.12,32.93,2024-03-10T23:39:35,live,yes
BAT9251,CELL1347,3.6,1.03,3.5,75,25,100,41.27,42.86,2024-03-09T10:56:16,dead,yes
BAT5095,CELL5426,3.79,1.16,3.27,76,24,93,38.85,45.56,2024-10-26T20:09:51,dead,no
BAT5436,CELL9611,3.17,1.78,1.78,59,41,98,35.51,41.86,2024-10-23T21:58:36,dead,no
BAT2396,CELL2435,3.76,0.6,6.27,56,44,90,39.74,37.81,2023-12-05T10:54:59,dead,yes
BAT8423,CELL4254,3.76,1.64,2.29,60,40,92,36.31,33.8,2024-12-08T20:59:04,live,no
BAT6911,CELL3267,4.08,1.67,2.44,78,22,93,35.79,45.91,2023-03-07T02:21:29,dead,no
BAT2579,CELL8256,4.16,1.49,2.79,66,34,90,38.15,39.01,2023-11-20T20:13:05,dead,yes
BAT9794,CELL5952,3.69,1.87,1.97,79,21,93,38.66,37.92,2024-12-22T06:25:23,live,no
BAT3066,CELL2135,3.28,1.03,3.18,89,11,95,34.32,39.13,2023-05-14T17:48:33,live,yes
BAT8423,CELL1972,3.7,1.34,2.76,53,47,95,38.65,34.8,2024-06-15T09:28:55,dead,no
BAT1987,CELL6341,3.0,0.72,4.17,78,22,98,35.8,34.45,2023-03-22T21:45:44,live,no
BAT1922,CELL1187,3.63,0.92,3.95,94,6,93,34.22,42.08,2023-04-21T00:02:05,live,yes
BAT8228,CELL8996,3.24,1.05,3.09,87,13,98,39.07,32.35,2024-11-09T22:41:50,live,yes
BAT7103,CELL2114,3.98,1.6,2.49,90,10,92,37.96,41.09,2023-05-10T14:08:37,live,no
BAT7228,CELL6001,4.14,1.15,3.6,75,25,91,33.59,35.39,2024-01-10T13:00:17,dead,no
BAT6661,CELL2948,4.1,1.61,2.55,64,36,91,34.65,41.75,2023-02-20T04:59:08,dead,yes
BAT7192,CELL2222,3.08,1.33,2.32,69,31,92,41.49,32.2,2024-06-12T18:14:36,live,yes
BAT9582,CELL7567,3.52,1.71,2.06,78,22,99,38.0,39.5,2023-08-24T13:33:48,dead,yes
BAT4501,CELL2418,3.68,1.06,3.47,73,27,92,33.3,43.1,2024-01-21T01:04:03,live,no
BAT7657,CELL1656,3.48,1.68,2.07,75,25,94,41.16,33.31,2023-03-30T14:51:24,live,yes
BAT3221,CELL1200,3.11,1.17,2.66,68,32,95,40.89,32.43,2024-09-24T06:12:38,dead,no
BAT4291,CELL5828,3.41,1.8,1.89,77,23,94,36.0,34.68,2024-04-03T00:53:10,dead,yes
BAT6688,CELL3292,3.59,1.31,2.74,77,23,94,33.24,39.44,2024-04-17T20:39:44,live,yes
BAT5492,CELL9693,3.8,1.58,2.41,73,27,98,32.65,32.48,2024-02-15T22:14:37,dead,yes
BAT2077,CELL8676,3.36,0.64,5.25,51,49,96,37.59,37.3,2023-09-02T17:09:19,live,yes
BAT2349,CELL4735,4.09,0.97,4.22,92,8,100,39.75,34.17,2023-08-22T02:25:31,dead,no
BAT5272,CELL4845,3.85,0.85,4.53,80,20,94,33.62,32.71,2024-01-28T18:06:02,dead,no
BAT5989,CELL6965,3.57,0.56,6.37,97,3,94,37.09,37.04,2024-03-30T12:35:58,dead,no
BAT4768,CELL5424,3.32,1.51,2.2,84,16,95,32.4,44.26,2023-04-07T00:21:24,dead,no
BAT5831,CELL7431,4.06,1.44,2.82,76,24,91,36.47,41.31,2024-03-18T02:49:06,dead,no
BAT4349,CELL3683,4.07,1.81,2.25,77,23,98,38.29,38.77,2024-10-28T08:29:38,dead,yes
BAT6362,CELL1909,3.84,0.75,5.12,99,1,99,39.0,36.71,2024-07-23T01:22:19,live,no
BAT8088,CELL4790,3.75,0.85,4.41,94,6,92,39.27,38.07,2024-07-16T05:38:00,live,yes
BAT8045,CELL2901,3.3,1.31,2.52,86,14,90,37.12,40.13,2024-08-18T21:49:45,live,yes
BAT1644,CELL7792,3.42,1.18,2.9,88,12,91,38.82,39.99,2024-08-14T03:44:07,dead,yes
BAT6160,CELL6166,3.38,1.44,2.35,96,4,96,41.98,39.86,2023-01-13T02:09:16,live,yes
BAT8128,CELL5175,4.18,1.12,3.73,73,27,93,39.42,45.63,2023-07-16T10:39:25,live,yes
BAT4022,CELL4726,3.43,1.45,2.37,68,32,94,35.95,35.95,2023-03-18T06:21:31,dead,yes
BAT6681,CELL4889,4.07,1.36,2.99,52,48,96,33.02,34.21,2024-09-03T02:46:33,live,no
BAT7978,CELL4442,4.2,1.69,2.49,74,26,90,38.21,38.12,2023-05-15T23:49:05,dead,yes
BAT5484,CELL1382,3.54,0.95,3.73,75,25,99,37.63,43.82,2024-08-27T08:06:39,dead,yes
BAT2856,CELL8539,3.23,0.88,3.67,88,12,93,41.01,44.87,2024-07-19T01:27:39,dead,yes
BAT4520,CELL4217,4.06,0.63,6.44,68,32,92,36.11,42.54,2024-10-09T05:14:14,live,no
BAT8035,CELL8446,3.79,0.83,4.57,98,2,100,37.73,39.83,2023-05-31T15:13:45,live,no
BAT2229,CELL6291,4.18,1.97,2.12,80,20,96,41.88,41.94,2023-08-16T18:13:44,dead,no
BAT3881,CELL1380,3.32,1.15,2.89,53,47,94,40.07,39.8,2023-09-02T16:56:46,live,yes
BAT2209,CELL8088,4.09,0.95,4.31,86,14,100,36.05,36.61,2023-03-07T16:01:04,dead,no
BAT9432,CELL7848,4.03,0.87,4.63,63,37,90,33.22,36.1,2023-07-17T03:57:57,live,yes
BAT2524,CELL4411,3.01,1.92,1.57,57,43,92,36.66,44.44,2024-10-21T06:59:56,live,no
BAT7469,CELL4239,3.41,1.44,2.37,94,6,91,39.18,43.78,2023-11-20T03:10:03,dead,no
BAT8846,CELL9673,3.46,1.14,3.04,85,15,94,39.77,41.02,2023-10-03T16:31:00,live,no
BAT5476,CELL1019,4.16,1.16,3.59,63,37,98,41.46,38.48,2024-12-03T17:15:12,dead,yes
BAT2573,CELL5253,3.69,0.64,5.77,89,11,91,41.65,36.72,2024-09-19T20:29:45,live,no
BAT7272,CELL1592,4.07,1.95,2.09,85,15,92,39.9,45.57,2023-08-28T21:42:52,dead,no
BAT2137,CELL4771,3.86,0.96,4.02,77,23,92,32.81,34.98,2024-12-08T11:09:03,dead,yes
BAT6755,CELL5171,3.97,1.3,3.05,60,40,100,38.99,44.55,2024-07-27T07:30:53,live,yes
BAT8497,CELL6592,3.09,0.5,6.18,66,34,100,39.61,33.02,2023-04-14T15:33:35,live,no
BAT2032,CELL3200,3.26,1.33,2.45,61,39,100,34.0,44.57,2023-06-11T07:39:33,live,no
BAT6592,CELL1911,3.26,0.6,5.43,71,29,93,40.52,42.0,2023-10-29T04:15:59,live,no
BAT3857,CELL3807,3.42,1.19,2.87,90,10,100,35.15,33.07,2024-12-06T07:32:20,live,no
BAT4194,CELL5241,3.14,1.67,1.88,61,39,94,38.05,35.31,2024-03-11T08:50:41,dead,no
BAT2087,CELL6375,3.55,0.59,6.02,74,26,94,38.85,43.41,2023-10-22T12:18:53,dead,yes
BAT4797,CELL5819,4.06,1.59,2.55,69,31,93,39.69,43.79,2024-06-23T01:43:58,dead,no
BAT9561,CELL7257,3.89,1.59,2.45,78,22,96,36.24,36.2,2024-06-10T10:39:12,dead,yes
BAT5992,CELL2443,3.7,0.7,5.29,77,23,98,39.07,34.68,2024-03-05T00:00:08,dead,no
BAT8543,CELL2130,3.16,0.91,3.47,67,33,100,35.52,41.25,2023-01-05T02:18:37,live,yes
BAT8167,CELL3727,3.21,1.12,2.87,90,10,95,33.44,34.27,2024-04-30T03:34:53,dead,yes
BAT3840,CELL6550,3.65,0.66,5.53,92,8,98,40.13,36.57,2023-06-03T07:02:26,dead,yes
BAT5586,CELL2222,3.02,1.39,2.17,59,41,99,34.55,37.63,2023-07-01T14:43:01,live,yes
BAT5848,CELL6034,3.13,1.23,2.54,56,44,91,38.71,34.24,2023-04-13T11:54:49,live,no
BAT4899,CELL1275,3.61,1.31,2.76,58,42,94,32.6,43.66,2023-10-07T08:32:40,live,no
BAT1037,CELL7947,3.24,0.61,5.31,99,1,90,32.73,35.29,2023-08-23T08:43:46,dead,no
BAT3196,CELL5004,3.51,1.37,2.56,51,49,91,39.49,41.57,2024-05-09T08:23:18,dead,no
BAT7524,CELL9298,3.77,1.46,2.58,74,26,95,37.58,39.82,2024-08-05T20:56:06,live,no
BAT8594,CELL1433,3.11,0.83,3.75,86,14,100,33.16,33.67,2023-06-30T19:07:16,live,no
BAT7564,CELL5673,3.68,0.61,6.03,92,8,96,40.9,35.18,2023-07-25T14:30:01,live,yes
BAT6993,CELL9354,3.19,1.37,2.33,83,17,98,32.35,33.09,2023-12-30T17:51:23,dead,no
BAT8508,CELL8819,3.85,1.72,2.24,98,2,97,36.31,35.33,2023-10-11T12:12:24,dead,no
BAT3858,CELL4957,3.98,1.4,2.84,82,18,95,39.08,36.96,2023-11-26T05:48:56,dead,yes
BAT7800,CELL4068,3.67,1.53,2.4,89,11,99,34.15,39.45,2023-12-07T11:24:52,live,yes
BAT9249,CELL3380,3.72,1.11,3.35,81,19,94,41.21,41.07,2023-10-04T19:54:20,live,yes
BAT9809,CELL8413,3.82,1.2,3.18,66,34,92,38.02,42.88,2024-05-24T08:51:59,dead,yes
BAT5721,CELL6123,3.8,1.12,3.39,55,45,100,32.45,36.24,2024-06-07T10:42:26,live,yes
BAT2787,CELL8115,3.94,1.83,2.15,94,6,94,40.81,35.98,2023-10-26T16:45:55,dead,no
BAT3852,CELL1735,4.05,1.28,3.16,58,42,92,40.71,34.5,2024-05-30T04:13:23,live,yes
BAT3631,CELL3626,3.58,0.92,3.89,73,27,91,32.99,32.93,2024-06-30T12:07:07,live,yes
BAT9732,CELL7194,3.46,1.0,3.46,79,21,94,34.92,36.44,2023-09-10T01:57:14,dead,no
BAT6860,CELL8560,3.43,1.91,1.8,68,32,98,36.43,41.39,2023-05-02T09:08:21,live,yes
BAT1401,CELL8072,3.09,1.84,1.68,71,29,97,40.51,44.36,2024-09-11T01:33:24,live,no
BAT2285,CELL5226,3.71,1.57,2.36,89,11,96,41.35,38.97,2023-11-30T02:37:09,dead,no
BAT6367,CELL4488,3.59,1.04,3.45,66,34,94,40.78,32.3,2023-08-02T11:59:43,live,no
BAT8507,CELL5674,4.1,1.08,3.8,50,50,99,33.06,33.34,2024-05-19T20:21:41,dead,yes
BAT5991,CELL7022,3.43,1.48,2.32,100,0,93,40.69,44.96,2023-11-17T00:09:15,dead,no
BAT5450,CELL4401,3.12,1.0,3.12,77,23,92,39.29,39.29,2023-09-17T18:55:02,dead,no
BAT9416,CELL3997,3.96,0.51,7.76,53,47,94,41.92,32.99,2023-04-01T15:27:52,dead,no
BAT7669,CELL6738,3.86,1.33,2.9,79,21,100,37.11,45.74,2023-11-03T14:06:07,live,no
BAT9248,CELL7722,3.96,1.93,2.05,86,14,99,39.56,39.81,2023-03-31T18:25:33,dead,no
BAT9787,CELL8890,4.05,1.23,3.29,60,40,99,39.34,43.96,2023-07-03T17:58:22,live,no
BAT4489,CELL3552,3.08,0.79,3.9,96,4,94,40.11,37.67,2024-11-18T08:43:01,dead,no
BAT8021,CELL4206,3.32,1.55,2.14,86,14,97,38.49,42.69,2024-07-27T12:10:54,dead,yes
BAT9240,CELL6240,3.97,1.06,3.75,76,24,92,38.09,35.93,2024-03-18T09:09:32,dead,no
BAT2474,CELL9579,4.03,1.57,2.57,64,36,90,34.11,36.68,2023-12-29T12:47:30,live,no
BAT1735,CELL4371,3.47,1.56,2.22,88,12,92,38.66,36.95,2023-11-07T03:37:15,live,no
BAT2409,CELL1239,3.58,1.62,2.21,85,15,99,34.52,39.31,2024-07-17T07:41:29,dead,no
BAT9926,CELL6428,3.69,1.19,3.1,91,9,93,33.81,43.52,2023-01-07T08:28:19,live,yes
BAT2618,CELL1717,4.02,1.74,2.31,79,21,92,39.45,35.65,2023-05-13T05:20:09,live,yes
BAT4318,CELL5526,3.83,1.01,3.79,89,11,93,41.28,34.07,2024-11-15T14:30:49,dead,yes
BAT5641,CELL3883,4.12,1.21,3.4,76,24,93,39.08,36.72,2023-02-12T20:58:10,live,no
BAT7404,CELL1284,3.73,0.81,4.6,68,32,93,40.71,36.32,2024-10-15T06:45:11,live,yes
BAT4439,CELL1065,4.06,1.06,3.83,96,4,100,32.56,37.07,2024-03-02T17:56:34,live,no
BAT2739,CELL8933,3.0,0.69,4.35,52,48,91,35.23,39.23,2024-12-20T13:02:03,dead,no
BAT2025,CELL2033,3.0,0.69,4.35,81,19,100,39.35,41.95,2023-01-09T02:43:14,dead,yes
BAT9693,CELL5200,3.37,1.54,2.19,79,21,91,35.93,33.81,2024-05-27T05:10:03,live,no
BAT6498,CELL9768,3.81,0.58,6.57,64,36,95,34.7,39.48,2024-01-01T10:17:08,live,yes
BAT5193,CELL4143,3.29,1.77,1.86,66,34,100,33.35,32.33,2024-07-23T09:23:09,live,yes
BAT2506,CELL6754,3.59,0.89,4.03,85,15,91,39.25,45.4,2024-02-26T11:46:13,dead,yes
BAT6914,CELL2312,3.33,1.77,1.88,98,2,91,40.7,37.09,2024-04-26T15:01:55,live,yes
BAT2282,CELL4999,3.54,0.79,4.48,95,5,93,40.09,33.54,2024-04-25T15:24:11,live,yes
BAT8620,CELL1862,4.14,1.24,3.34,83,17,93,34.58,35.04,2023-04-26T21:36:16,dead,yes
BAT5504,CELL1839,4.1,1.55,2.65,100,0,94,33.8,37.08,2024-10-20T11:04:28,live,no
BAT3070,CELL9089,3.25,0.66,4.92,91,9,90,40.51,44.45,2024-09-01T04:03:02,dead,no
BAT2293,CELL9520,3.75,0.9,4.17,58,42,96,33.26,33.66,2024-09-07T15:49:55,live,no
BAT4549,CELL1121,3.59,0.57,6.3,70,30,91,40.75,39.08,2023-12-13T11:27:42,dead,no
BAT4700,CELL1103,3.9,0.72,5.42,69,31,99,36.77,39.58,2023-08-10T22:51:44,live,no
BAT2282,CELL1339,3.94,1.84,2.14,65,35,97,40.43,39.06,2023-08-22T23:29:53,live,yes
BAT7728,CELL4947,4.18,0.72,5.81,54,46,92,37.35,40.63,2024-09-18T00:32:36,dead,no
BAT4336,CELL9017,3.72,0.8,4.65,95,5,94,39.43,42.5,2023-05-18T21:05:38,live,yes
BAT6868,CELL8093,3.09,1.7,1.82,62,38,98,33.36,37.92,2024-08-05T07:30:40,dead,no
BAT7956,CELL1754,3.25,0.73,4.45,60,40,93,38.9,35.9,2024-08-25T17:21:42,live,yes
BAT4808,CELL8661,3.42,1.44,2.38,70,30,98,33.69,34.88,2024-10-31T23:58:26,dead,yes
BAT9321,CELL5468,3.62,1.07,3.38,89,11,93,39.79,33.38,2024-11-09T06:10:53,dead,yes
BAT8953,CELL4808,3.5,1.44,2.43,80,20,93,36.43,35.55,2024-12-14T06:14:55,live,no
BAT7535,CELL7490,3.01,1.18,2.55,80,20,97,37.92,44.22,2024-01-20T14:19:15,dead,yes
BAT8626,CELL4450,3.89,1.06,3.67,62,38,97,35.85,36.27,2023-04-13T17:15:53,live,no
BAT5721,CELL5515,3.17,1.1,2.88,71,29,92,41.2,44.56,2023-06-30T19:18:29,dead,no
BAT9595,CELL6987,3.02,0.53,5.7,56,44,99,34.36,41.28,2023-03-04T14:45:40,dead,yes
BAT9462,CELL2817,3.48,1.35,2.58,91,9,100,38.33,42.95,2024-08-10T15:05:33,dead,yes
BAT6222,CELL7541,3.34,0.63,5.3,88,12,96,37.66,36.72,2024-02-02T04:52:31,live,no
BAT3343,CELL9972,3.13,1.09,2.87,77,23,93,40.12,39.15,2024-09-12T10:11:10,dead,yes
BAT3692,CELL5444,3.55,1.5,2.37,53,47,92,39.66,40.96,2023-09-10T15:52:43,live,yes
BAT6720,CELL8214,3.59,1.93,1.86,77,23,93,35.61,41.13,2024-07-10T20:54:50,live,yes
BAT1667,CELL1649,3.6,1.67,2.16,97,3,99,37.4,40.08,2023-07-12T05:09:46,live,yes
BAT1814,CELL2990,3.5,1.75,2.0,70,30,92,32.06,35.81,2023-08-24T20:37:02,live,no
BAT1039,CELL4634,3.34,1.55,2.15,64,36,96,34.5,35.74,2024-02-23T08:51:11,dead,yes
BAT3224,CELL2019,3.51,1.17,3.0,95,5,92,39.52,34.05,2024-01-17T00:01:43,dead,yes
BAT9737,CELL5227,3.5,1.69,2.07,93,7,96,33.48,34.64,2023-09-01T00:27:09,live,no
BAT7223,CELL9768,3.77,1.81,2.08,86,14,91,41.57,41.31,2024-02-24T11:07:57,dead,yes
BAT6928,CELL2780,4.16,1.96,2.12,91,9,91,37.97,42.29,2024-03-24T17:58:43,live,yes
BAT5573,CELL7654,4.08,0.81,5.04,87,13,95,34.85,35.04,2024-01-13T02:27:00,dead,no
BAT1477,CELL4719,3.85,1.76,2.19,69,31,98,33.28,45.59,2023-07-23T04:26:31,dead,yes
BAT6433,CELL2173,3.85,1.91,2.02,72,28,91,39.96,40.48,2024-04-21T03:53:03,live,no
BAT7060,CELL2727,3.42,1.81,1.89,87,13,100,38.25,43.18,2024-02-23T18:00:47,live,no
BAT9916,CELL4723,3.93,1.7,2.31,71,29,99,39.84,38.25,2024-11-01T17:33:24,live,no
BAT4358,CELL5457,3.18,0.93,3.42,69,31,93,32.27,43.23,2024-06-03T13:40:20,dead,no
BAT5319,CELL2229,3.89,0.68,5.72,92,8,93,40.99,45.49,2023-05-31T06:16:04,dead,no
BAT3586,CELL1966,3.29,1.21,2.72,92,8,96,34.26,40.85,2023-10-10T14:35:58,dead,no
BAT2883,CELL3603,3.05,1.45,2.1,75,25,90,32.67,38.49,2023-11-25T23:04:30,live,no
BAT4057,CELL1362,3.14,0.75,4.19,88,12,100,36.05,34.62,2023-12-31T05:50:23,dead,yes
BAT4156,CELL4743,3.81,1.77,2.15,81,19,91,41.06,34.95,2024-04-06T15:01:18,dead,no
BAT5945,CELL4334,4.13,1.05,3.93,96,4,97,41.72,39.48,2023-10-15T15:10:01,dead,no
BAT3042,CELL8514,3.23,0.96,3.36,58,42,92,37.42,40.96,2023-12-15T02:34:59,live,no
BAT2980,CELL2007,3.74,1.34,2.79,81,19,100,36.97,36.95,2023-06-22T18:11:39,dead,no
BAT5423,CELL9580,3.12,1.28,2.44,82,18,92,35.56,41.75,2024-03-29T21:04:29,live,no
BAT4285,CELL1769,3.62,1.3,2.78,90,10,94,34.81,44.91,2023-02-19T05:10:15,dead,yes
BAT3262,CELL2566,3.5,0.67,5.22,80,20,100,40.05,37.54,2024-11-07T02:59:23,dead,no
BAT9144,CELL3637,3.53,1.96,1.8,89,11,91,34.31,40.37,2024-08-23T05:27:52,dead,no
BAT6242,CELL6401,3.83,1.17,3.27,84,16,98,34.54,45.96,2024-04-10T03:55:30,live,no
BAT7370,CELL2045,3.61,0.64,5.64,83,17,97,32.07,41.13,2023-12-27T07:04:11,live,no
BAT3115,CELL3245,3.0,1.73,1.73,85,15,97,41.47,33.38,2023-07-18T01:00:34,dead,no
BAT6433,CELL9906,4.1,0.56,7.32,93,7,95,37.18,45.17,2024-06-27T19:34:01,live,yes
BAT5596,CELL7597,4.08,0.58,7.03,52,48,96,34.95,33.05,2023-05-17T08:43:27,dead,no
BAT5774,CELL3616,3.03,1.08,2.81,68,32,95,33.4,44.62,2023-06-07T08:20:25,dead,yes
BAT3687,CELL1680,3.79,1.22,3.11,88,12,100,38.67,39.52,2023-01-06T06:12:07,live,no
BAT4163,CELL2097,3.31,1.79,1.85,56,44,91,34.06,45.61,2023-12-05T03:34:59,live,no
BAT2547,CELL9498,3.89,1.73,2.25,99,1,92,34.96,41.23,2024-03-01T02:43:48,live,no
BAT3007,CELL7068,3.95,1.36,2.9,74,26,96,37.7,44.78,2024-02-01T10:59:45,dead,no
BAT5905,CELL8503,3.92,1.88,2.09,63,37,96,36.87,35.55,2023-10-06T14:24:50,dead,yes
BAT9392,CELL9087,4.16,1.2,3.47,88,12,94,34.3,38.63,2023-02-18T11:54:10,live,yes
BAT6185,CELL2948,3.79,0.95,3.99,87,13,95,34.61,33.41,2024-08-15T21:25:16,dead,yes
BAT9424,CELL8440,3.04,1.21,2.51,82,18,97,38.46,38.78,2024-01-19T01:12:30,live,no
BAT9823,CELL6454,3.78,0.65,5.82,82,18,96,39.06,39.33,2024-11-30T19:40:27,live,yes
BAT1569,CELL9118,3.75,0.6,6.25,86,14,90,35.33,41.53,2024-11-03T11:26:32,dead,no
BAT5155,CELL7197,3.64,1.49,2.44,84,16,98,40.48,36.76,2024-12-09T00:41:20,live,no
BAT6896,CELL3280,3.12,0.75,4.16,77,23,93,37.48,39.46,2023-05-24T22:09:57,dead,yes
BAT3636,CELL4746,3.64,1.17,3.11,58,42,92,34.79,39.57,2024-12-16T02:01:25,live,yes
BAT7334,CELL8617,3.93,1.31,3.0,72,28,93,36.92,35.21,2024-11-19T11:40:46,live,no
BAT4089,CELL6945,4.06,0.59,6.88,57,43,98,33.86,32.79,2023-04-06T02:02:54,live,no
BAT4510,CELL8206,3.35,1.32,2.54,59,41,95,40.61,38.91,2024-02-16T14:29:06,live,yes
BAT9543,CELL6004,3.64,0.63,5.78,68,32,93,36.41,38.25,2024-09-21T19:09:20,dead,no
BAT3048,CELL7788,4.07,1.07,3.8,73,27,91,32.08,36.42,2023-12-01T21:35:13,live,yes
BAT9827,CELL5274,3.41,0.62,5.5,68,32,97,39.26,35.53,2023-11-27T18:46:53,dead,no
BAT1555,CELL3769,3.38,1.23,2.75,60,40,96,32.27,39.61,2024-11-28T21:46:35,live,no
BAT1036,CELL9963,3.99,0.66,6.05,63,37,99,40.81,42.71,2023-08-08T09:22:38,dead,no
BAT1186,CELL4323,3.95,0.52,7.6,73,27,96,34.38,39.48,2023-11-14T05:22:39,dead,no
BAT7846,CELL7163,3.74,1.16,3.22,87,13,97,36.89,45.49,2023-06-17T04:49:27,dead,no
BAT5248,CELL1623,3.94,1.83,2.15,53,47,95,34.22,37.65,2024-10-05T17:34:53,live,no
BAT4772,CELL6672,3.23,1.91,1.69,89,11,95,41.26,39.77,2024-02-11T17:59:32,live,no
BAT9884,CELL4577,3.56,1.26,2.83,64,36,98,36.23,37.33,2024-01-16T08:30:27,dead,yes
BAT3081,CELL9950,3.58,1.45,2.47,78,22,97,39.66,43.58,2024-03-13T21:50:55,dead,no
BAT3739,CELL1486,3.37,1.57,2.15,62,38,99,36.45,34.62,2024-05-08T17:58:50,live,yes
BAT6377,CELL6886,3.29,0.92,3.58,82,18,99,35.54,33.15,2023-10-23T02:47:26,dead,no
BAT4592,CELL7040,3.27,1.22,2.68,70,30,97,40.75,41.83,2023-08-14T10:52:59,live,no
BAT8511,CELL5012,4.09,0.79,5.18,89,11,98,39.63,39.54,2023-12-31T10:36:29,dead,no
BAT5026,CELL9120,3.68,1.73,2.13,88,12,90,34.61,35.34,2023-06-08T18:22:32,dead,no
BAT1107,CELL7866,3.97,1.17,3.39,63,37,95,39.03,34.99,2024-01-03T07:29:23,dead,no
BAT1971,CELL3597,3.55,1.66,2.14,94,6,99,37.37,37.73,2024-04-27T11:19:09,live,yes
BAT9505,CELL7842,3.78,0.75,5.04,96,4,100,37.21,36.24,2024-11-19T16:26:39,dead,no
BAT9899,CELL5272,3.11,1.15,2.7,81,19,97,32.65,37.53,2024-11-24T20:23:43,dead,yes
BAT5675,CELL1119,3.14,0.73,4.3,71,29,91,37.8,40.33,2023-11-13T02:43:34,dead,no
BAT8928,CELL7886,4.08,1.12,3.64,73,27,96,33.42,43.76,2023-09-05T16:06:29,live,no
BAT8967,CELL7595,4.14,1.0,4.14,81,19,94,33.12,32.48,2023-07-10T06:11:08,live,yes
BAT9472,CELL4023,4.0,0.64,6.25,81,19,98,38.61,44.33,2024-08-12T08:26:25,dead,yes
BAT4303,CELL4910,3.79,1.16,3.27,55,45,97,38.88,41.13,2024-04-02T14:02:00,live,yes
BAT9638,CELL6606,3.47,1.31,2.65,65,35,98,35.64,44.43,2023-01-03T19:21:06,live,no
BAT4543,CELL8555,3.7,1.7,2.18,57,43,100,38.13,40.14,2023-10-14T03:44:11,live,no
BAT7518,CELL6665,3.6,1.18,3.05,82,18,99,41.17,41.7,2024-09-10T16:01:20,dead,yes
BAT2975,CELL7669,3.67,1.47,2.5,93,7,100,41.87,40.43,2024-06-16T20:54:03,dead,no
BAT2187,CELL2781,3.57,1.95,1.83,85,15,100,39.22,33.3,2024-05-03T09:54:43,live,yes
BAT1382,CELL6557,3.99,1.38,2.89,54,46,95,33.06,33.7,2023-12-02T03:29:45,live,no
BAT9920,CELL8038,3.19,0.63,5.06,75,25,98,34.51,44.78,2023-03-20T03:13:03,dead,yes
BAT3294,CELL1056,3.04,0.89,3.42,82,18,90,34.6,33.45,2023-01-02T10:30:46,dead,no
BAT2326,CELL9409,3.4,1.67,2.04,89,11,94,38.33,37.9,2023-09-16T09:00:35,live,yes
BAT8322,CELL7699,3.62,1.38,2.62,52,48,94,40.45,37.69,2024-01-11T19:32:21,live,yes
BAT3153,CELL1461,3.27,1.57,2.08,92,8,100,39.05,38.5,2023-03-07T16:12:24,live,yes
BAT1014,CELL4614,3.41,0.74,4.61,53,47,96,35.81,44.25,2024-01-20T16:51:45,dead,yes
BAT6816,CELL6322,4.19,1.06,3.95,68,32,95,38.35,45.84,2024-09-26T14:09:29,live,yes
BAT2035,CELL7370,3.78,1.73,2.18,58,42,96,34.61,38.88,2023-10-15T06:28:51,dead,yes
BAT5203,CELL6677,3.46,0.93,3.72,66,34,96,33.87,39.38,2023-11-20T00:33:23,live,no
BAT3605,CELL2626,3.54,0.74,4.78,77,23,91,38.58,42.41,2023-09-19T13:18:35,live,yes
BAT9051,CELL3675,4.08,1.25,3.26,72,28,97,36.81,32.83,2023-05-31T22:52:11,dead,yes
BAT9014,CELL4968,3.36,1.96,1.71,55,45,97,35.81,34.35,2024-09-11T10:54:40,dead,yes
BAT3369,CELL3272,3.35,1.1,3.05,64,36,97,37.35,33.47,2024-10-11T00:32:52,live,no
BAT8680,CELL7402,3.07,1.81,1.7,91,9,93,33.12,39.91,2024-09-22T12:00:31,live,yes
BAT6899,CELL4834,3.29,0.58,5.67,91,9,99,38.79,43.06,2024-10-28T23:55:14,live,yes
BAT1505,CELL5386,3.3,0.5,6.6,100,0,90,41.68,42.18,2024-10-09T15:58:11,dead,no
BAT6759,CELL7941,3.69,1.76,2.1,74,26,97,34.58,37.28,2023-11-08T14:56:49,dead,yes
BAT4871,CELL3708,4.01,0.87,4.61,88,12,98,37.04,42.66,2024-07-31T12:14:53,dead,yes
BAT4628,CELL9396,3.12,0.84,3.71,73,27,96,38.25,35.29,2024-03-15T10:25:20,live,no
BAT1265,CELL9920,3.3,1.06,3.11,93,7,90,41.64,42.34,2023-08-06T21:03:03,live,no
BAT1778,CELL7823,3.83,1.49,2.57,90,10,96,38.74,41.49,2024-07-24T15:32:36,live,yes
BAT6842,CELL8018,3.66,1.93,1.9,97,3,100,38.51,43.31,2024-12-26T19:43:32,live,no
BAT7666,CELL1173,4.19,1.7,2.46,68,32,98,39.91,33.84,2023-05-09T04:05:57,dead,yes
BAT1640,CELL9172,3.3,1.61,2.05,60,40,91,38.5,35.43,2024-04-20T04:16:47,live,yes
BAT2765,CELL7742,4.05,0.53,7.64,53,47,96,37.62,39.02,2024-10-24T22:30:26,dead,yes
BAT9422,CELL8608,3.61,1.97,1.83,92,8,94,32.08,43.0,2024-04-14T17:32:45,live,no
BAT8984,CELL2662,3.3,1.47,2.24,88,12,98,36.06,36.97,2024-09-24T16:35:19,dead,no
BAT3526,CELL4071,3.2,0.92,3.48,65,35,97,38.03,37.26,2024-09-04T11:14:29,live,no
BAT1785,CELL9378,3.53,1.11,3.18,100,0,97,38.37,35.53,2024-06-29T04:58:57,dead,yes
BAT5416,CELL1062,3.89,0.67,5.81,96,4,96,41.23,44.81,2023-07-14T09:54:17,live,no
BAT2315,CELL9736,3.77,1.87,2.02,60,40,95,41.33,45.91,2024-10-27T05:04:00,dead,no
BAT8648,CELL2918,3.53,1.14,3.1,74,26,92,33.55,44.08,2023-03-31T07:44:32,live,yes
BAT4437,CELL8925,3.28,1.27,2.58,93,7,96,41.8,34.9,2023-12-22T19:28:21,dead,no
BAT1031,CELL2423,4.16,1.53,2.72,78,22,93,38.77,35.11,2023-06-01T13:42:03,dead,yes
BAT8898,CELL9390,4.12,1.02,4.04,63,37,98,33.4,44.15,2024-01-21T00:46:22,live,no
BAT1090,CELL3315,3.22,1.02,3.16,74,26,97,39.29,42.66,2023-03-29T22:49:42,live,no
BAT3080,CELL8457,3.91,0.58,6.74,74,26,100,41.72,32.57,2023-10-30T14:07:05,dead,yes
BAT7942,CELL3615,3.74,0.57,6.56,93,7,92,33.07,38.29,2024-04-14T17:43:53,live,yes
BAT4568,CELL9192,3.06,1.96,1.56,74,26,92,38.05,37.45,2023-08-14T08:27:19,live,yes
BAT5043,CELL3971,3.3,1.33,2.48,80,20,91,37.89,38.33,2024-08-28T01:51:06,dead,no
BAT1373,CELL8361,4.07,1.98,2.06,50,50,99,33.73,41.74,2024-01-23T01:39:40,live,no
BAT8075,CELL4944,3.29,1.53,2.15,90,10,93,35.96,34.43,2024-06-20T00:19:34,live,no
BAT1021,CELL2644,3.75,1.36,2.76,82,18,96,38.82,33.67,2024-11-26T11:59:53,dead,no
BAT4803,CELL2528,3.23,0.95,3.4,52,48,97,41.43,35.54,2024-02-05T20:04:18,live,no
BAT7815,CELL2461,4.18,1.78,2.35,91,9,93,40.89,42.55,2024-04-12T19:30:31,dead,no
BAT7287,CELL7333,3.09,0.51,6.06,69,31,91,40.67,36.65,2024-07-16T22:02:01,live,no
BAT5710,CELL2559,3.28,0.63,5.21,63,37,91,35.25,33.31,2023-03-20T15:01:23,live,no
BAT3811,CELL3124,3.93,1.88,2.09,51,49,98,41.82,40.03,2024-08-14T16:14:12,dead,no
BAT4688,CELL1655,4.0,1.25,3.2,89,11,90,33.86,34.16,2024-12-23T03:31:53,live,yes
